# Rhino

mtllib ring.mtl
g Default
o object_1
usemtl Default
v 1.899999976158142 11.94737434387207 0
v 1.899999976158142 11.24737453460693 0
v 0 11.24737453460693 -1.899999976158142
v -1.899999976158142 11.24737453460693 0
v -2.036563243214403e-15 11.24737453460693 1.899999976158142
v 1.899999976158142 11.94737434387207 0
v 1.899999976158142 11.24737453460693 0
v 1.892565011978149 11.94737434387207 -0.1679221987724304
v 1.870318055152893 11.94737434387207 -0.3345301747322083
v 1.833433389663696 11.94737434387207 -0.4985200166702271
v 1.782199501991272 11.94737434387207 -0.6586082577705383
v 1.717017650604248 11.94737434387207 -0.8135419487953186
v 1.638397693634033 11.94737434387207 -0.9621086120605469
v 1.546955108642578 11.94737434387207 -1.103145480155945
v 1.443405508995056 11.94737434387207 -1.235548734664917
v 1.328559279441834 11.94737434387207 -1.358282089233398
v 1.203315258026123 11.94737434387207 -1.470385193824768
v 1.068653702735901 11.94737434387207 -1.570980429649353
v 0.9256284236907959 11.94737434387207 -1.65928053855896
v 0.7753588557243347 11.94737434387207 -1.734594702720642
v 0.6190211176872253 11.94737434387207 -1.796333193778992
v 0.4578386247158051 11.94737434387207 -1.844012975692749
v 0.2930729687213898 11.94737434387207 -1.877260804176331
v 0.1260136216878891 11.94737434387207 -1.895816564559937
v -0.04203196614980698 11.94737434387207 -1.899535059928894
v -0.2097485959529877 11.94737434387207 -1.888386964797974
v -0.3758236467838287 11.94737434387207 -1.862459778785706
v -0.5389573574066162 11.94737434387207 -1.821956396102905
v -0.697873055934906 11.94737434387207 -1.767193555831909
v -0.8513268828392029 11.94737434387207 -1.698600172996521
v -0.998117983341217 11.94737434387207 -1.616712927818298
v -1.137097358703613 11.94737434387207 -1.522172570228577
v -1.26717746257782 11.94737434387207 -1.415719270706177
v -1.387340188026428 11.94737434387207 -1.29818606376648
v -1.496645092964172 11.94737434387207 -1.170492768287659
v -1.594236731529236 11.94737434387207 -1.033638715744019
v -1.679351329803467 11.94737434387207 -0.8886951208114624
v -1.751322746276856 11.94737434387207 -0.7367962598800659
v -1.809587597846985 11.94737434387207 -0.5791309475898743
v -1.853690028190613 11.94737434387207 -0.4169331789016724
v -1.8832848072052 11.94737434387207 -0.2514723241329193
v -1.89814031124115 11.94737434387207 -0.08404336124658585
v -1.89814031124115 11.94737434387207 0.08404336124658585
v -1.8832848072052 11.94737434387207 0.2514723241329193
v -1.853690028190613 11.94737434387207 0.4169331789016724
v -1.809587597846985 11.94737434387207 0.5791309475898743
v -1.751322746276856 11.94737434387207 0.7367962598800659
v -1.679351329803467 11.94737434387207 0.8886951208114624
v -1.594236731529236 11.94737434387207 1.033638715744019
v -1.496645092964172 11.94737434387207 1.170492768287659
v -1.387340188026428 11.94737434387207 1.29818606376648
v -1.26717746257782 11.94737434387207 1.415719270706177
v -1.137097358703613 11.94737434387207 1.522172570228577
v -0.998117983341217 11.94737434387207 1.616712927818298
v -0.8513268828392029 11.94737434387207 1.698600172996521
v -0.697873055934906 11.94737434387207 1.767193555831909
v -0.5389573574066162 11.94737434387207 1.821956396102905
v -0.3758236467838287 11.94737434387207 1.862459778785706
v -0.2097485959529877 11.94737434387207 1.888386964797974
v -0.04203196614980698 11.94737434387207 1.899535059928894
v 0.1260136216878891 11.94737434387207 1.895816564559937
v 0.2930729687213898 11.94737434387207 1.877260804176331
v 0.4578386247158051 11.94737434387207 1.844012975692749
v 0.6190211176872253 11.94737434387207 1.796333193778992
v 0.7753588557243347 11.94737434387207 1.734594702720642
v 0.9256284236907959 11.94737434387207 1.65928053855896
v 1.068653702735901 11.94737434387207 1.570980429649353
v 1.203315258026123 11.94737434387207 1.470385193824768
v 1.328559279441834 11.94737434387207 1.358282089233398
v 1.443405508995056 11.94737434387207 1.235548734664917
v 1.546955108642578 11.94737434387207 1.103145480155945
v 1.638397693634033 11.94737434387207 0.9621086120605469
v 1.717017650604248 11.94737434387207 0.8135419487953186
v 1.782199501991272 11.94737434387207 0.6586082577705383
v 1.833433389663696 11.94737434387207 0.4985200166702271
v 1.870318055152893 11.94737434387207 0.3345301747322083
v 1.892565011978149 11.94737434387207 0.1679221987724304
v 1.871134757995606 11.24737453460693 0.3299315273761749
v 1.785416007041931 11.24737453460693 0.6498382687568665
v 1.645448207855225 11.24737453460693 0.949999988079071
v 1.455484390258789 11.24737453460693 1.221296429634094
v 1.221296429634094 11.24737453460693 1.455484390258789
v 0.949999988079071 11.24737453460693 1.645448207855225
v 0.6498382687568665 11.24737453460693 1.785416007041931
v 0.3299315273761749 11.24737453460693 1.871134757995606
v -0.3299315273761749 11.24737453460693 1.871134757995606
v -0.6498382687568665 11.24737453460693 1.785416007041931
v -0.949999988079071 11.24737453460693 1.645448207855225
v -1.221296429634094 11.24737453460693 1.455484390258789
v -1.455484390258789 11.24737453460693 1.221296429634094
v -1.645448207855225 11.24737453460693 0.949999988079071
v -1.785416007041931 11.24737453460693 0.6498382687568665
v -1.871134757995606 11.24737453460693 0.3299315273761749
v -1.871134757995606 11.24737453460693 -0.3299315273761749
v -1.785416007041931 11.24737453460693 -0.6498382687568665
v -1.645448207855225 11.24737453460693 -0.949999988079071
v -1.455484390258789 11.24737453460693 -1.221296429634094
v -1.221296429634094 11.24737453460693 -1.455484390258789
v -0.949999988079071 11.24737453460693 -1.645448207855225
v -0.6498382687568665 11.24737453460693 -1.785416007041931
v -0.3299315273761749 11.24737453460693 -1.871134757995606
v 0.3299315273761749 11.24737453460693 -1.871134757995606
v 0.6498382687568665 11.24737453460693 -1.785416007041931
v 0.949999988079071 11.24737453460693 -1.645448207855225
v 1.221296429634094 11.24737453460693 -1.455484390258789
v 1.455484390258789 11.24737453460693 -1.221296429634094
v 1.645448207855225 11.24737453460693 -0.949999988079071
v 1.785416007041931 11.24737453460693 -0.6498382687568665
v 1.871134757995606 11.24737453460693 -0.3299315273761749
v 1.899999976158142 11.24737453460693 0
v 1.315041780471802 10.69847869873047 0
v 0 11.24737453460693 -1.899999976158142
v -1.899999976158142 11.24737453460693 0
v -1.315041780471802 10.69847869873047 0
v -2.036563243214403e-15 11.24737453460693 1.899999976158142
v 1.899999976158142 11.24737453460693 0
v 1.315041780471802 10.69847869873047 0
v 1.871134757995606 11.24737453460693 -0.3299315273761749
v 1.785416007041931 11.24737453460693 -0.6498382687568665
v 1.645448207855225 11.24737453460693 -0.949999988079071
v 1.455484390258789 11.24737453460693 -1.221296429634094
v 1.221296429634094 11.24737453460693 -1.455484390258789
v 0.949999988079071 11.24737453460693 -1.645448207855225
v 0.6498382687568665 11.24737453460693 -1.785416007041931
v 0.3299315273761749 11.24737453460693 -1.871134757995606
v -0.3299315273761749 11.24737453460693 -1.871134757995606
v -0.6498382687568665 11.24737453460693 -1.785416007041931
v -0.949999988079071 11.24737453460693 -1.645448207855225
v -1.221296429634094 11.24737453460693 -1.455484390258789
v -1.455484390258789 11.24737453460693 -1.221296429634094
v -1.645448207855225 11.24737453460693 -0.949999988079071
v -1.785416007041931 11.24737453460693 -0.6498382687568665
v -1.871134757995606 11.24737453460693 -0.3299315273761749
v -1.871134757995606 11.24737453460693 0.3299315273761749
v -1.785416007041931 11.24737453460693 0.6498382687568665
v -1.645448207855225 11.24737453460693 0.949999988079071
v -1.455484390258789 11.24737453460693 1.221296429634094
v -1.221296429634094 11.24737453460693 1.455484390258789
v -0.949999988079071 11.24737453460693 1.645448207855225
v -0.6498382687568665 11.24737453460693 1.785416007041931
v -0.3299315273761749 11.24737453460693 1.871134757995606
v 0.3299315273761749 11.24737453460693 1.871134757995606
v 0.6498382687568665 11.24737453460693 1.785416007041931
v 0.949999988079071 11.24737453460693 1.645448207855225
v 1.221296429634094 11.24737453460693 1.455484390258789
v 1.455484390258789 11.24737453460693 1.221296429634094
v 1.645448207855225 11.24737453460693 0.949999988079071
v 1.785416007041931 11.24737453460693 0.6498382687568665
v 1.871134757995606 11.24737453460693 0.3299315273761749
v 1.286304950714111 10.69847869873047 0.2734125554561615
v 1.201350450515747 10.69847869873047 0.5348756909370422
v 1.063891172409058 10.69847869873047 0.7729621529579163
v 0.8799346685409546 10.69847869873047 0.9772664904594421
v 0.6575208902359009 10.69847869873047 1.138859510421753
v 0.4063702523708344 10.69847869873047 1.250679016113281
v 0.1374592930078507 10.69847869873047 1.307837843894959
v -0.1374592930078507 10.69847869873047 1.307837843894959
v -0.4063702523708344 10.69847869873047 1.250679016113281
v -0.6575208902359009 10.69847869873047 1.138859510421753
v -0.8799346685409546 10.69847869873047 0.9772664904594421
v -1.063891172409058 10.69847869873047 0.7729621529579163
v -1.201350450515747 10.69847869873047 0.5348756909370422
v -1.286304950714111 10.69847869873047 0.2734125554561615
v -1.286304950714111 10.69847869873047 -0.2734125554561615
v -1.201350450515747 10.69847869873047 -0.5348756909370422
v -1.063891172409058 10.69847869873047 -0.7729621529579163
v -0.8799346685409546 10.69847869873047 -0.9772664904594421
v -0.6575208902359009 10.69847869873047 -1.138859510421753
v -0.4063702523708344 10.69847869873047 -1.250679016113281
v -0.1374592930078507 10.69847869873047 -1.307837843894959
v 0.1374592930078507 10.69847869873047 -1.307837843894959
v 0.4063702523708344 10.69847869873047 -1.250679016113281
v 0.6575208902359009 10.69847869873047 -1.138859510421753
v 0.8799346685409546 10.69847869873047 -0.9772664904594421
v 1.063891172409058 10.69847869873047 -0.7729621529579163
v 1.201350450515747 10.69847869873047 -0.5348756909370422
v 1.286304950714111 10.69847869873047 -0.2734125554561615
v -0.2672783136367798 10.08867645263672 -2.477210521697998
v -0.1650941222906113 10.14556789398193 -2.477277755737305
v -0.0574263408780098 10.18212890625 -2.477298259735107
v 0.05753173679113388 10.18210220336914 -2.477298259735107
v 0.1658261120319367 10.14522933959961 -2.477277517318726
v 0.2660588026046753 10.08942127227783 -2.477211713790894
v -0.9862586855888367 9.928089141845703 -2.251620531082153
v -0.8986976742744446 9.871293067932129 -2.251408100128174
v -0.8068006634712219 9.821965217590332 -2.251191854476929
v -0.70589679479599 9.79118537902832 -2.251042604446411
v -0.6036637425422669 9.796270370483398 -2.251068115234375
v -0.5061618685722351 9.832257270812988 -2.25123929977417
v -0.4156387150287628 9.884259223937988 -2.251460075378418
v -0.3284741342067719 9.941814422607422 -2.251665830612183
v -0.2429802864789963 9.997927665710449 -2.25182843208313
v -0.1500855535268784 10.04964637756348 -2.251943826675415
v -0.05220576375722885 10.08288192749023 -2.25200080871582
v 0.05230157822370529 10.08285713195801 -2.25200080871582
v 0.1507510095834732 10.04933834075928 -2.251943111419678
v 0.2418716549873352 9.998605728149414 -2.251830101013184
v 0.3292229771614075 9.94133186340332 -2.251664400100708
v 0.4162399172782898 9.883841514587402 -2.251458406448364
v 0.5103926658630371 9.830203056335449 -2.251229763031006
v 0.6044548153877258 9.796069145202637 -2.251067161560059
v 0.7064120769500732 9.791260719299316 -2.25104284286499
v 0.8074889183044434 9.822283744812012 -2.251193523406982
v 0.8993319272994995 9.871665000915527 -2.251409530639648
v 0.9869161248207092 9.928544998168945 -2.251621961593628
v -1.321501612663269 9.961169242858887 -2.026553630828857
v -1.226691603660584 9.987105369567871 -2.026619911193848
v -1.133834958076477 9.978775024414063 -2.026599645614624
v -1.046723246574402 9.943954467773438 -2.026505470275879
v -0.9658101201057434 9.896345138549805 -2.026355743408203
v -0.8876328468322754 9.844334602355957 -2.026164054870606
v -0.8088278770446777 9.793222427368164 -2.025947332382202
v -0.7261205911636353 9.748830795288086 -2.025736570358276
v -0.6353070735931397 9.721132278442383 -2.025594472885132
v -0.5432973504066467 9.7257080078125 -2.025618553161621
v -0.4555456638336182 9.758092880249023 -2.025782108306885
v -0.3740748465061188 9.804890632629395 -2.025999307632446
v -0.2956267297267914 9.856686592102051 -2.026212215423584
v -0.2186822593212128 9.907184600830078 -2.026392221450806
v -0.1350769996643066 9.953728675842285 -2.026533126831055
v -0.04698519036173821 9.983638763427734 -2.026611566543579
v 0.047071423381567 9.983616828918457 -2.026611566543579
v 0.135675922036171 9.953451156616211 -2.026532411575317
v 0.2176844775676727 9.907794952392578 -2.026394128799439
v 0.2963006794452667 9.85625171661377 -2.02621054649353
v 0.3746159374713898 9.804514884948731 -2.025997877120972
v 0.4593534171581268 9.756244659423828 -2.025773048400879
v 0.5440093278884888 9.725526809692383 -2.025617599487305
v 0.635770857334137 9.721199989318848 -2.025594711303711
v 0.7267400026321411 9.749117851257324 -2.025738000869751
v 0.8093987703323364 9.793557167053223 -2.025949001312256
v 0.8882244825363159 9.844744682312012 -2.026165723800659
v 0.9663960933685303 9.896708488464356 -2.026357173919678
v 1.047336459159851 9.94429874420166 -2.026506423950195
v 1.134447693824768 9.978899002075195 -2.026599884033203
v 1.223912954330444 9.987388610839844 -2.026620626449585
v 1.321765780448914 9.961060523986816 -2.026553392410278
v -1.709255933761597 9.73180103302002 -1.800577759742737
v -1.633708357810974 9.70567798614502 -1.800454616546631
v -1.550742745399475 9.700121879577637 -1.800427794456482
v -1.469226241111755 9.71703052520752 -1.800508856773377
v -1.3922039270401 9.749064445495606 -1.800655603408814
v -1.318313717842102 9.78878116607666 -1.800824165344238
v -1.245993256568909 9.829671859741211 -1.800981998443604
v -1.174668073654175 9.864431381225586 -1.801103591918945
v -1.090392470359802 9.887483596801758 -1.801177859306335
v -1.007853269577026 9.88007926940918 -1.801154732704163
v -0.9304206371307373 9.849130630493164 -1.801051378250122
v -0.8584978580474854 9.806814193725586 -1.800895810127258
v -0.7890069484710693 9.760587692260742 -1.800706028938294
v -0.7189581394195557 9.715159416198731 -1.80050003528595
v -0.6454405188560486 9.675704956054688 -1.800305366516113
v -0.5647174119949341 9.65108585357666 -1.800176620483398
v -0.482930988073349 9.655153274536133 -1.800198435783386
v -0.4049294888973236 9.683937072753906 -1.800347089767456
v -0.3325109779834747 9.725530624389648 -1.800548791885376
v -0.2627793252468109 9.771565437316895 -1.800752878189087
v -0.1943842321634293 9.816449165344238 -1.800932765007019
v -0.1200684458017349 9.857817649841309 -1.801081299781799
v -0.04176461324095726 9.884402275085449 -1.801168322563171
v 0.04184126481413841 9.884382247924805 -1.801168322563171
v 0.1206008121371269 9.857570648193359 -1.801080465316773
v 0.1934973150491715 9.816990852355957 -1.800934791564941
v 0.263378381729126 9.77117919921875 -1.800751209259033
v 0.3329919278621674 9.72519588470459 -1.800547361373901
v 0.4083141386508942 9.682293891906738 -1.800338745117188
v 0.4835638701915741 9.65499210357666 -1.800197601318359
v 0.5651296377182007 9.651145935058594 -1.800176978111267
v 0.6459911465644836 9.675959587097168 -1.800306677818298
v 0.7194655537605286 9.715456962585449 -1.800501465797424
v 0.7895328998565674 9.760951995849609 -1.800707578659058
v 0.8590187430381775 9.807137489318848 -1.800897002220154
v 0.9309657216072083 9.849435806274414 -1.801052451133728
v 1.008397936820984 9.880188941955566 -1.801155090332031
v 1.0879225730896 9.887734413146973 -1.801178693771362
v 1.17490291595459 9.864334106445313 -1.801103353500366
v 1.246561884880066 9.829350471496582 -1.800980806350708
v 1.319172263145447 9.788298606872559 -1.800822138786316
v 1.392755627632141 9.748790740966797 -1.800654411315918
v 1.469816088676453 9.71684455871582 -1.80050802230835
v 1.552181601524353 9.700006484985352 -1.800427198410034
v 1.634342908859253 9.705818176269531 -1.800455212593079
v 1.709497809410095 9.731908798217773 -1.800578236579895
v -1.843127250671387 9.753974914550781 -1.575592637062073
v -1.770209193229675 9.75496768951416 -1.575596451759338
v -1.698596358299255 9.741183280944824 -1.575542807579041
v -1.630004525184631 9.716193199157715 -1.575441718101502
v -1.566542983055115 9.686134338378906 -1.575313448905945
v -1.495599031448364 9.651664733886719 -1.575157165527344
v -1.429494857788086 9.628809928894043 -1.575048208236694
v -1.356899857521057 9.62394905090332 -1.575024604797363
v -1.28557300567627 9.638742446899414 -1.575096011161804
v -1.218178391456604 9.666768074035645 -1.575226783752441
v -1.153524518013001 9.701516151428223 -1.575379967689514
v -1.090244174003601 9.73729133605957 -1.575527429580689
v -1.027834534645081 9.767702102661133 -1.575644493103027
v -0.9540933966636658 9.787871360778809 -1.575717806816101
v -0.8818715810775757 9.781393051147461 -1.575694680213928
v -0.8141180276870728 9.754315376281738 -1.575593829154968
v -0.7511856555938721 9.717293739318848 -1.575446367263794
v -0.6903811097145081 9.676850318908691 -1.57527220249176
v -0.6290883421897888 9.637104988098145 -1.575088262557983
v -0.5647604465484619 9.60258674621582 -1.574918031692505
v -0.4941277503967285 9.581048011779785 -1.574806928634644
v -0.4225645959377289 9.584606170654297 -1.574825525283814
v -0.3543133139610291 9.60978889465332 -1.574954271316528
v -0.2909471094608307 9.646178245544434 -1.575131416320801
v -0.2299319058656693 9.686454772949219 -1.57531476020813
v -0.1700862050056458 9.725723266601563 -1.575480937957764
v -0.1050598919391632 9.761916160583496 -1.57562267780304
v -0.03654403612017632 9.785175323486328 -1.575708270072937
v 0.03661110624670982 9.785158157348633 -1.575708150863648
v 0.1055257096886635 9.761700630187988 -1.575621843338013
v 0.1693101525306702 9.726197242736816 -1.575482845306397
v 0.2304560989141464 9.686117172241211 -1.575313329696655
v 0.2913679480552673 9.645885467529297 -1.575130105018616
v 0.3572748601436615 9.608351707458496 -1.574946999549866
v 0.423118382692337 9.584465026855469 -1.574824810028076
v 0.4944884479045868 9.581100463867188 -1.574807167053223
v 0.5652422308921814 9.602809906005859 -1.574919104576111
v 0.6295323371887207 9.637365341186523 -1.575089454650879
v 0.6908412575721741 9.677168846130371 -1.575273633003235
v 0.7516413927078247 9.717576026916504 -1.57544755935669
v 0.8145949840545654 9.754583358764648 -1.575594782829285
v 0.8823481798171997 9.781489372253418 -1.575695037841797
v 0.9519323110580444 9.788090705871582 -1.575718641281128
v 1.028040051460266 9.767618179321289 -1.575644135475159
v 1.090741634368897 9.737010002136231 -1.575526237487793
v 1.15427565574646 9.701094627380371 -1.575378179550171
v 1.218661189079285 9.666529655456543 -1.575225710868835
v 1.286089062690735 9.638579368591309 -1.575095295906067
v 1.358158946037293 9.623847961425781 -1.575024127960205
v 1.430050015449524 9.628932952880859 -1.575048804283142
v 1.495810508728027 9.651759147644043 -1.575157642364502
v 1.564513802528381 9.685113906860352 -1.575308918952942
v 1.630501747131348 9.716408729553223 -1.575442671775818
v 1.699139833450317 9.741338729858398 -1.575543403625488
v 1.770769715309143 9.755010604858398 -1.575596570968628
v 1.843669414520264 9.753929138183594 -1.575592398643494
v -1.974201917648315 9.365493774414063 -1.358647704124451
v -1.934022307395935 9.415635108947754 -1.35248064994812
v -1.891993045806885 9.464075088500977 -1.349528789520264
v -1.846795439720154 9.510324478149414 -1.349499106407166
v -1.801720380783081 9.550824165344238 -1.349695324897766
v -1.752525806427002 9.588329315185547 -1.349866986274719
v -1.698336482048035 9.621091842651367 -1.350008845329285
v -1.640873074531555 9.645541191101074 -1.350109934806824
v -1.57982337474823 9.659220695495606 -1.350164651870728
v -1.517322182655335 9.660072326660156 -1.350168108940125
v -1.455939769744873 9.648258209228516 -1.350120902061462
v -1.397146821022034 9.626841545104981 -1.350033044815064
v -1.342751145362854 9.601080894470215 -1.349923014640808
v -1.281942009925842 9.571538925170898 -1.349791288375855
v -1.225281357765198 9.551952362060547 -1.349700570106506
v -1.163056969642639 9.547786712646484 -1.34968113899231
v -1.101919651031494 9.560463905334473 -1.349740386009216
v -1.044152855873108 9.584483146667481 -1.349849820137024
v -0.9887353181838989 9.614263534545898 -1.349979877471924
v -0.9344949722290039 9.644923210144043 -1.350107431411743
v -0.8810010552406311 9.670986175537109 -1.350210666656494
v -0.8177943825721741 9.688270568847656 -1.350276589393616
v -0.7558899521827698 9.682719230651856 -1.350255727767944
v -0.697815477848053 9.659513473510742 -1.350165724754334
v -0.643873393535614 9.627784729003906 -1.350036978721619
v -0.591755211353302 9.593123435974121 -1.349888205528259
v -0.5392186045646668 9.559061050415039 -1.349733829498291
v -0.4840804040431976 9.529478073120117 -1.3495934009552
v -0.4235380589962006 9.511018753051758 -1.349502682685852
v -0.3621982336044312 9.514068603515625 -1.349517822265625
v -0.3036971092224121 9.535650253295898 -1.349623203277588
v -0.2493832260370255 9.566837310791016 -1.349769830703735
v -0.1457881778478622 9.635008811950684 -1.350066900253296
v 0.1451229900121689 9.635415077209473 -1.35006856918335
v 0.2497439533472061 9.566586494445801 -1.34976863861084
v 0.3062356114387512 9.534419059753418 -1.34961724281311
v 0.3626728951931 9.513947486877441 -1.349517226219177
v 0.4238472580909729 9.511064529418945 -1.349502921104431
v 0.4844933450222015 9.529668807983398 -1.349594235420227
v 0.5395991802215576 9.559284210205078 -1.349734902381897
v 0.5921496748924255 9.593396186828613 -1.349889397621155
v 0.6442640423774719 9.628026962280273 -1.350037932395935
v 0.6982243061065674 9.65974235534668 -1.35016667842865
v 0.7562984824180603 9.682801246643066 -1.350255966186523
v 0.8159419894218445 9.688459396362305 -1.350277304649353
v 0.8811771869659424 9.670913696289063 -1.350210428237915
v 0.9349213838577271 9.644681930541992 -1.350106477737427
v 0.9893791675567627 9.613901138305664 -1.34997832775116
v 1.044566750526428 9.584278106689453 -1.349848866462708
v 1.102362036705017 9.560324668884277 -1.349739670753479
v 1.164136171340942 9.547698974609375 -1.349680662155151
v 1.225757122039795 9.552057266235352 -1.349701166152954
v 1.282123327255249 9.571619987487793 -1.349791646003723
v 1.341011762619019 9.60020637512207 -1.349919199943543
v 1.397572875022888 9.627025604248047 -1.350033760070801
v 1.456405639648438 9.648391723632813 -1.35012149810791
v 1.517802596092224 9.66010856628418 -1.350168228149414
v 1.580288052558899 9.659182548522949 -1.350164532661438
v 1.641260623931885 9.64539909362793 -1.350109338760376
v 1.698784470558167 9.62086296081543 -1.350007891654968
v 1.752331495285034 9.588462829589844 -1.349867582321167
v 1.802037119865418 9.550564765930176 -1.349694132804871
v 1.848595499992371 9.508580207824707 -1.349490404129028
v 1.892170310020447 9.463890075683594 -1.349531054496765
v 1.934715390205383 9.414790153503418 -1.352582454681397
v 1.973654627799988 9.366188049316406 -1.35859477519989
v -1.6453537940979 9.319489479064941 -1.13211715221405
v -1.611819744110107 9.361338615417481 -1.126910090446472
v -1.576671957969666 9.401870727539063 -1.124330401420593
v -1.53899621963501 9.440422058105469 -1.124278545379639
v -1.501433730125427 9.474165916442871 -1.124428749084473
v -1.460438132286072 9.505414962768555 -1.12456214427948
v -1.415280342102051 9.532712936401367 -1.124674081802368
v -1.367394208908081 9.553083419799805 -1.124754905700684
v -1.316519498825073 9.564481735229492 -1.124799013137817
v -1.264435172080994 9.565191268920898 -1.124801754951477
v -1.213283181190491 9.555347442626953 -1.12476372718811
v -1.164288997650147 9.537503242492676 -1.124693274497986
v -1.118959307670593 9.516039848327637 -1.124606251716614
v -1.06828498840332 9.491425514221191 -1.124503135681152
v -1.02106773853302 9.475106239318848 -1.124432802200317
v -0.9692142009735107 9.471634864807129 -1.124417781829834
v -0.9182664155960083 9.482197761535645 -1.124463558197022
v -0.8701274394989014 9.50221061706543 -1.124548673629761
v -0.8239461183547974 9.527023315429688 -1.124651074409485
v 0.8244826197624207 9.526721954345703 -1.124649882316589
v 0.870472252368927 9.502039909362793 -1.124547958374023
v 0.9186350107192993 9.482082366943359 -1.124463081359863
v 0.9701135158538818 9.471562385559082 -1.124417424201965
v 1.021464347839356 9.475193977355957 -1.124433159828186
v 1.068436145782471 9.491493225097656 -1.124503374099731
v 1.117509841918945 9.515311241149902 -1.124603152275085
v 1.164644122123718 9.537656784057617 -1.124693870544434
v 1.213671326637268 9.555459022521973 -1.124764084815979
v 1.264835476875305 9.565221786499023 -1.124801874160767
v 1.316906690597534 9.564449310302734 -1.124798893928528
v 1.367717266082764 9.55296516418457 -1.124754428863525
v 1.415653824806213 9.532522201538086 -1.124673366546631
v 1.460276246070862 9.505526542663574 -1.124562621116638
v 1.501697659492493 9.473949432373047 -1.124427795410156
v 1.540496230125427 9.438968658447266 -1.124271869659424
v 1.576819777488709 9.401716232299805 -1.124332547187805
v 1.612400531768799 9.360630989074707 -1.126997947692871
v 1.644899487495422 9.320065498352051 -1.132073998451233
v -1.316318869590759 9.273749351501465 -0.9055248498916626
v -1.289479613304138 9.30724048614502 -0.9013237357139587
v -1.261339426040649 9.339691162109375 -0.8992201089859009
v -1.231196999549866 9.370530128479004 -0.8991574645042419
v -1.201146960258484 9.397521018981934 -0.899262547492981
v -1.168350577354431 9.422515869140625 -0.8993568420410156
v -1.132224321365356 9.444350242614746 -0.8994369506835938
v -1.093915343284607 9.460642814636231 -0.8994953036308289
v -1.053215622901917 9.469759941101074 -0.8995274901390076
v 1.053525447845459 9.469734191894531 -0.899527370929718
v 1.094173789024353 9.460548400878906 -0.899495005607605
v 1.132523059844971 9.444196701049805 -0.8994364142417908
v 1.16822099685669 9.422604560852051 -0.8993571996688843
v 1.201358079910278 9.397347450256348 -0.8992618322372437
v 1.232397079467773 9.369367599487305 -0.8991528749465942
v 1.261457800865173 9.339568138122559 -0.8992218971252441
v 1.289944887161255 9.306674003601074 -0.9013949036598206
v 1.315955758094788 9.274209976196289 -0.9054901003837585
v -1.997930645942688 9.334897994995117 -1.360816955566406
v 1.99776017665863 9.335112571716309 -1.360874891281128
v -1.665006875991821 9.294162750244141 -1.133849620819092
v -1.809834599494934 9.342412948608398 -1.245416760444641
v -1.831509709358215 9.314473152160645 -1.247355818748474
v 1.664866209030151 9.294340133666992 -1.133898615837097
v 1.809333920478821 9.343048095703125 -1.245368838310242
v 1.83135449886322 9.314668655395508 -1.247409582138062
v -1.3320232629776 9.253515243530273 -0.9069139957427979
v -1.480835318565369 9.29662036895752 -1.018809199333191
v -1.49850869178772 9.273846626281738 -1.020366549491882
v 1.331910967826843 9.253656387329102 -0.9069532752037048
v 1.480426669120789 9.297138214111328 -1.018770337104797
v 1.498382210731506 9.274006843566895 -1.020410776138306
v -1.194677829742432 9.256814956665039 -0.8217803239822388
v -1.208912491798401 9.238476753234863 -0.8230330944061279
v 1.194348573684692 9.257231712341309 -0.8217489123344421
v 1.208810687065125 9.238604545593262 -0.8230689167976379
v -1.090986251831055 9.220967292785645 -0.7342233061790466
v -1.090300559997559 9.219798088073731 -0.735241174697876
v -1.089596629142761 9.219325065612793 -0.7362840175628662
v -1.089236617088318 9.219368934631348 -0.7368164658546448
v -1.088870644569397 9.219610214233398 -0.7373571395874023
v -1.088119029998779 9.220715522766113 -0.7384659051895142
v -1.082967162132263 9.244345664978027 -0.7460005879402161
v -1.07470428943634 9.286581993103027 -0.7578558921813965
v -1.065244317054749 9.321771621704102 -0.7710962295532227
v -1.054450869560242 9.354936599731445 -0.7857914566993713
v -1.042122602462769 9.38669490814209 -0.802069365978241
v -1.027905583381653 9.415646553039551 -0.8202102780342102
v -1.011552095413208 9.439467430114746 -0.8402959108352661
v -0.9926239252090454 9.455519676208496 -0.8625732064247131
v -0.9720909595489502 9.460836410522461 -0.8856489062309265
v -0.9592986702919006 9.458929061889648 -0.8994892239570618
v -0.950818657875061 9.455951690673828 -0.9084485173225403
v -0.9298749566078186 9.444728851318359 -0.9298749566078186
v -0.9289972186088562 9.444187164306641 -0.9307518601417542
v -0.9058517217636108 9.43052864074707 -0.9532929658889771
v -0.8794053792953491 9.423376083374023 -0.9777427911758423
v -0.8494099974632263 9.432909965515137 -1.003911137580872
v -0.8184649348258972 9.457423210144043 -1.029295802116394
v -0.7871304154396057 9.490923881530762 -1.053451776504517
v -0.7545415163040161 9.528168678283691 -1.077033877372742
v -0.7187796235084534 9.564150810241699 -1.101222395896912
v -0.6811433434486389 9.588722229003906 -1.124890446662903
v -0.6773191690444946 9.590160369873047 -1.12719714641571
v -0.6326287388801575 9.592411041259766 -1.152872800827026
v -0.5886206030845642 9.575606346130371 -1.175950884819031
v -0.5453261733055115 9.550078392028809 -1.196642875671387
v -0.5001584887504578 9.521674156188965 -1.216213941574097
v -0.4503896236419678 9.495782852172852 -1.235509634017944
v -0.3938238620758057 9.48154354095459 -1.254686236381531
v -0.3322508335113525 9.492188453674316 -1.272377371788025
v -0.2732102572917938 9.523403167724609 -1.28634786605835
v -0.2160657942295075 9.563599586486816 -1.297170162200928
v -0.1591207832098007 9.605451583862305 -1.305379390716553
v -0.09988412261009216 9.643290519714356 -1.311242938041687
v -0.03462044149637222 9.669467926025391 -1.31458592414856
v 8.034229265693207e-17 9.673147201538086 -1.315041780471802
v 0.03487902879714966 9.669408798217773 -1.314579129219055
v 0.1000697538256645 9.6431884765625 -1.311228752136231
v 0.1595909744501114 9.605118751525879 -1.305322051048279
v 0.2165252566337585 9.563259124755859 -1.297093510627747
v 0.2729976773262024 9.523539543151856 -1.286393046379089
v 0.3324608206748962 9.492107391357422 -1.272322535514832
v 0.3940854966640472 9.481559753417969 -1.25460410118103
v 0.4505788385868073 9.495862007141113 -1.235440611839294
v 0.500050961971283 9.521609306335449 -1.21625816822052
v 0.5453881621360779 9.550117492675781 -1.196614623069763
v 0.5887359380722046 9.575666427612305 -1.175893187522888
v 0.6327813863754273 9.592443466186523 -1.152788996696472
v 0.6776542663574219 9.59004020690918 -1.126995801925659
v 0.6811432838439941 9.588730812072754 -1.124890446662903
v 0.7188805341720581 9.564064025878906 -1.10115647315979
v 0.75466388463974 9.528032302856445 -1.076948165893555
v 0.7871341705322266 9.49091911315918 -1.053448915481567
v 0.8185737729072571 9.457318305969238 -1.02920925617218
v 0.8496130108833313 9.432791709899902 -1.003739237785339
v 0.879535973072052 9.423374176025391 -0.97762531042099
v 0.9059190154075623 9.430562973022461 -0.9532290101051331
v 0.9291149377822876 9.444259643554688 -0.9306343197822571
v 0.9298749566078186 9.444728851318359 -0.9298749566078186
v 0.9509246349334717 9.455996513366699 -0.9083375930786133
v 0.9592986702919006 9.458929061889648 -0.8994892239570618
v 0.9721776843070984 9.460837364196777 -0.8855537176132202
v 0.9926119446754456 9.455526351928711 -0.862587034702301
v 1.01141095161438 9.439630508422852 -0.840465784072876
v 1.027859091758728 9.415728569030762 -0.8202685117721558
v 1.042079448699951 9.386795043945313 -0.8021254539489746
v 1.054361343383789 9.355191230773926 -0.7859115600585938
v 1.065253615379334 9.32174015045166 -0.771083414554596
v 1.074703931808472 9.286578178405762 -0.7578563690185547
v 1.082943558692932 9.244411468505859 -0.7460348010063171
v 1.088109493255615 9.220720291137695 -0.7384799718856812
v 1.088862895965576 9.219610214233398 -0.7373685836791992
v 1.089229941368103 9.219367027282715 -0.7368263602256775
v 1.089591026306152 9.219321250915527 -0.7362922430038452
v 1.09029757976532 9.219794273376465 -0.7352455854415894
v 1.090986251831055 9.220967292785645 -0.7342233061790466
v 2.073686361312866 9.337990760803223 -1.396361231803894
v 2.07235050201416 9.335749626159668 -1.398342967033386
v 2.071677446365356 9.33515739440918 -1.399340033531189
v 2.070999622344971 9.334925651550293 -1.400343060493469
v 2.070316076278687 9.335062026977539 -1.401353478431702
v 2.069625616073608 9.335572242736816 -1.40237283706665
v 2.068220853805542 9.337741851806641 -1.404443860054016
v 2.058360576629639 9.38348388671875 -1.418855786323547
v 2.042582273483276 9.463010787963867 -1.441477656364441
v 2.024536371231079 9.529562950134277 -1.466714978218079
v 2.003765344619751 9.593150138854981 -1.494966506958008
v 1.980361342430115 9.653226852416992 -1.525833964347839
v 1.953280329704285 9.708224296569824 -1.560351252555847
v 1.941089510917664 9.72816276550293 -1.575490832328796
v 1.921971797943115 9.753655433654785 -1.598757266998291
v 1.886200308799744 9.783860206604004 -1.640807271003723
v 1.847324728965759 9.793940544128418 -1.684455752372742
v 1.806897282600403 9.784721374511719 -1.727750658988953
v 1.767766952514648 9.763840675354004 -1.767766952514648
v 1.765417218208313 9.762392997741699 -1.770113468170166
v 1.734281182289124 9.743327140808106 -1.80063009262085
v 1.721306800842285 9.736337661743164 -1.813036918640137
v 1.671136260032654 9.72265625 -1.859382629394531
v 1.614226818084717 9.740537643432617 -1.908997535705566
v 1.55519449710846 9.787137985229492 -1.957388639450073
v 1.495414853096008 9.850988388061523 -2.003430604934692
v 1.464245796203613 9.886815071105957 -2.026322841644287
v 1.433698534965515 9.921520233154297 -2.048049926757813
v 1.365707516670227 9.990002632141113 -2.094001770019531
v 1.287378787994385 10.03937339782715 -2.143048286437988
v 1.202095985412598 10.04391193389893 -2.192023038864136
v 1.118367791175842 10.01197910308838 -2.235901117324829
v 1.085962057113648 9.994037628173828 -2.251818418502808
v 1.035970091819763 9.963374137878418 -2.275250673294067
v 0.9498076438903809 9.909154891967773 -2.312545299530029
v 0.8558080196380615 9.860193252563477 -2.348955631256104
v 0.7484850287437439 9.832991600036621 -2.385324001312256
v 0.6314252018928528 9.853015899658203 -2.418946504592896
v 0.5184847116470337 9.912738800048828 -2.445643901824951
v 0.4112380743026733 9.988232612609863 -2.465944766998291
v 0.3374272584915161 10.04303073883057 -2.477123975753784
v 0.3031196892261505 10.0678243637085 -2.481555700302124
v 0.1900811046361923 10.14024162292481 -2.49276328086853
v 0.06625634431838989 10.19013690948486 -2.499121904373169
v 1.537356196588185e-16 10.19725322723389 -2.5
v -0.0657651498913765 10.19025039672852 -2.49913477897644
v -0.1897285431623459 10.14043521881104 -2.492790222167969
v -0.3022268116474152 10.06845855712891 -2.481664657592773
v -0.337427169084549 10.04301261901856 -2.477123975753784
v -0.4103655517101288 9.988880157470703 -2.466089963912964
v -0.5188884735107422 9.912478446960449 -2.445558071136475
v -0.6310262680053711 9.853169441223145 -2.419050693511963
v -0.7479879856109619 9.83296012878418 -2.385479927062988
v -0.8554485440254211 9.860042572021484 -2.34908652305603
v -0.9500119686126709 9.90927791595459 -2.312461376190186
v -1.035852193832398 9.963298797607422 -2.275304317474365
v -1.085962057113648 9.994051933288574 -2.251818418502808
v -1.118148565292358 10.01186561584473 -2.236010789871216
v -1.201805830001831 10.04385185241699 -2.192182302474976
v -1.286741971969605 10.03960037231445 -2.143430709838867
v -1.365515828132629 9.990169525146484 -2.094126701354981
v -1.433466076850891 9.921778678894043 -2.048212766647339
v -1.464245796203613 9.886805534362793 -2.026322841644287
v -1.495407700538635 9.850996017456055 -2.003436088562012
v -1.554987549781799 9.787337303161621 -1.957553029060364
v -1.613840579986572 9.740762710571289 -1.909324049949646
v -1.67088782787323 9.722661018371582 -1.85960578918457
v -1.721178889274597 9.736272811889648 -1.813158392906189
v -1.734281182289124 9.74332332611084 -1.80063009262085
v -1.765193343162537 9.76225471496582 -1.770336866378784
v -1.767766952514648 9.76384162902832 -1.767766952514648
v -1.806695699691773 9.784636497497559 -1.727961421012878
v -1.847159862518311 9.793939590454102 -1.68463659286499
v -1.886223077774048 9.783847808837891 -1.640781044960022
v -1.922240376472473 9.75334358215332 -1.598434209823608
v -1.941089510917664 9.728184700012207 -1.575490951538086
v -1.953368782997131 9.70806884765625 -1.560240507125855
v -1.980443477630615 9.653036117553711 -1.525727272033691
v -2.003936052322388 9.592667579650879 -1.49473762512207
v -2.024518489837647 9.529621124267578 -1.466739416122437
v -2.042582750320435 9.463017463684082 -1.441476941108704
v -2.05840539932251 9.383357048034668 -1.418790578842163
v -2.068238973617554 9.337732315063477 -1.404417037963867
v -2.069640636444092 9.335570335388184 -1.402350902557373
v -2.070328950881958 9.335064888000488 -1.401334404945374
v -2.07101035118103 9.334931373596191 -1.400327205657959
v -2.071685791015625 9.335165023803711 -1.399327635765076
v -2.072356462478638 9.335757255554199 -1.398334383964539
v -2.073686361312866 9.337990760803223 -1.396361351013184
v -2.002671241760254 9.329532623291016 -1.34848964214325
v -1.835782051086426 9.309656143188477 -1.236001372337341
v -1.668892741203308 9.28978157043457 -1.123531818389893
v -1.50200343132019 9.269907951354981 -1.011081457138062
v -1.335114240646362 9.250035285949707 -0.8986510038375855
v -1.213050246238709 9.235500335693359 -0.8164315223693848
v 1.213050246238709 9.235500335693359 -0.8164315223693848
v 1.335114240646362 9.250035285949707 -0.8986510038375855
v 1.50200343132019 9.269907951354981 -1.011081457138062
v 1.668892741203308 9.28978157043457 -1.123531818389893
v 1.835782051086426 9.309656143188477 -1.236001372337341
v 2.002671241760254 9.329532623291016 -1.34848964214325
v -0.7341675162315369 9.574284553527832 -1.124836444854736
v 0.7343143224716187 9.574223518371582 -1.124836206436157
v -0.9706265330314636 9.462453842163086 -0.8995017409324646
v 0.7791011333465576 9.5523681640625 -1.124752044677734
v 1.011868357658386 9.470351219177246 -0.8995295763015747
v -0.2672783136367798 10.08867645263672 2.477209329605103
v -0.1650941222906113 10.14556789398193 2.477276563644409
v -0.0574263408780098 10.18212890625 2.477297067642212
v 0.05753174424171448 10.18210220336914 2.477297067642212
v 0.1658261269330978 10.14522933959961 2.47727632522583
v 0.2660588324069977 10.08942127227783 2.477210521697998
v -0.9862586855888367 9.928089141845703 2.251619338989258
v -0.8986976742744446 9.871293067932129 2.251406908035278
v -0.8068006634712219 9.821965217590332 2.251190900802612
v -0.70589679479599 9.79118537902832 2.251041412353516
v -0.6036637425422669 9.796270370483398 2.251067161560059
v -0.5061618685722351 9.832257270812988 2.251238107681274
v -0.4156387150287628 9.884259223937988 2.251458883285523
v -0.3284741640090942 9.941814422607422 2.251664876937866
v -0.2429802864789963 9.997927665710449 2.251827239990234
v -0.1500855535268784 10.04964637756348 2.25194263458252
v -0.05220576375722885 10.08288192749023 2.251999855041504
v 0.05230158567428589 10.08285713195801 2.251999855041504
v 0.1507510244846344 10.04933834075928 2.251941919326782
v 0.2418716549873352 9.998605728149414 2.251829147338867
v 0.3292230069637299 9.94133186340332 2.251663208007813
v 0.4162399470806122 9.883840560913086 2.251457214355469
v 0.5103926658630371 9.830203056335449 2.25122857093811
v 0.6044548749923706 9.796069145202637 2.251066207885742
v 0.7064120769500732 9.791260719299316 2.251041889190674
v 0.8074889183044434 9.822283744812012 2.251192331314087
v 0.8993319869041443 9.871665000915527 2.251408338546753
v 0.9869161248207092 9.928544998168945 2.251620769500732
v -1.321501612663269 9.961169242858887 2.026552438735962
v -1.226691603660584 9.987105369567871 2.026618719100952
v -1.133834958076477 9.978775024414063 2.026598453521729
v -1.046723246574402 9.943954467773438 2.026504278182983
v -0.9658101201057434 9.896345138549805 2.026354789733887
v -0.8876328468322754 9.844334602355957 2.02616286277771
v -0.8088279366493225 9.793222427368164 2.025946378707886
v -0.7261205911636353 9.748830795288086 2.025735378265381
v -0.6353070735931397 9.721132278442383 2.025593280792236
v -0.5432973504066467 9.7257080078125 2.025617361068726
v -0.4555456936359406 9.758092880249023 2.025780916213989
v -0.3740748465061188 9.804890632629395 2.02599835395813
v -0.2956267297267914 9.856686592102051 2.026211023330689
v -0.2186822593212128 9.907184600830078 2.02639102935791
v -0.1350769996643066 9.953728675842285 2.026531934738159
v -0.04698519036173821 9.983638763427734 2.026610612869263
v 0.0470714271068573 9.983616828918457 2.026610374450684
v 0.135675922036171 9.953451156616211 2.026531219482422
v 0.2176844924688339 9.907794952392578 2.026392936706543
v 0.2963007092475891 9.85625171661377 2.026209354400635
v 0.3746159374713898 9.804514884948731 2.025996685028076
v 0.4593534171581268 9.756244659423828 2.025771856307983
v 0.5440093874931335 9.725526809692383 2.025616407394409
v 0.635770857334137 9.721199989318848 2.025593519210815
v 0.7267400622367859 9.749117851257324 2.025736808776856
v 0.8093987703323364 9.793557167053223 2.02594780921936
v 0.8882245421409607 9.844744682312012 2.026164531707764
v 0.9663960933685303 9.896708488464356 2.026355981826782
v 1.047336459159851 9.94429874420166 2.0265052318573
v 1.134447693824768 9.978899002075195 2.026598930358887
v 1.223912954330444 9.987388610839844 2.02661943435669
v 1.321765780448914 9.961060523986816 2.026552200317383
v -1.709255933761597 9.73180103302002 1.800576686859131
v -1.633708477020264 9.70567798614502 1.800453424453735
v -1.550742745399475 9.700121879577637 1.800426602363586
v -1.469226360321045 9.71703052520752 1.800507783889771
v -1.3922039270401 9.749064445495606 1.800654530525208
v -1.318313717842102 9.78878116607666 1.800822973251343
v -1.245993375778198 9.829671859741211 1.800980806350708
v -1.174668073654175 9.864431381225586 1.801102519035339
v -1.090392470359802 9.887483596801758 1.80117678642273
v -1.007853269577026 9.88007926940918 1.801153659820557
v -0.9304206371307373 9.849130630493164 1.801050186157227
v -0.8584978580474854 9.806814193725586 1.800894618034363
v -0.7890069484710693 9.760587692260742 1.800704956054688
v -0.7189581394195557 9.715159416198731 1.800498962402344
v -0.6454405188560486 9.675704956054688 1.800304293632507
v -0.5647174119949341 9.65108585357666 1.800175428390503
v -0.482930988073349 9.655153274536133 1.800197243690491
v -0.4049294888973236 9.683937072753906 1.80034601688385
v -0.3325109779834747 9.725530624389648 1.80054771900177
v -0.2627793252468109 9.771565437316895 1.800751805305481
v -0.1943842321634293 9.816449165344238 1.800931572914124
v -0.1200684458017349 9.857817649841309 1.801080107688904
v -0.04176461324095726 9.884402275085449 1.801167249679565
v 0.04184126853942871 9.884382247924805 1.801167130470276
v 0.1206008195877075 9.857570648193359 1.801079273223877
v 0.1934973299503326 9.816990852355957 1.800933599472046
v 0.2633784115314484 9.77117919921875 1.800750136375427
v 0.3329919576644898 9.72519588470459 1.800546169281006
v 0.4083141386508942 9.682293891906738 1.800337672233582
v 0.4835638999938965 9.65499210357666 1.800196409225464
v 0.5651296377182007 9.651145935058594 1.800175786018372
v 0.6459911465644836 9.675959587097168 1.800305604934692
v 0.7194655537605286 9.715456962585449 1.800500392913818
v 0.7895328998565674 9.760951995849609 1.800706505775452
v 0.8590187430381775 9.807137489318848 1.800895929336548
v 0.9309657216072083 9.849435806274414 1.801051259040833
v 1.008397936820984 9.880188941955566 1.801153898239136
v 1.0879225730896 9.887734413146973 1.801177501678467
v 1.17490291595459 9.864334106445313 1.801102161407471
v 1.246561884880066 9.829350471496582 1.800979614257813
v 1.319172263145447 9.788298606872559 1.80082106590271
v 1.392755627632141 9.748790740966797 1.800653338432312
v 1.469816088676453 9.71684455871582 1.800506830215454
v 1.552181601524353 9.700006484985352 1.800426006317139
v 1.634342908859253 9.705818176269531 1.800454139709473
v 1.709497809410095 9.731908798217773 1.800577163696289
v -1.843127369880676 9.753974914550781 1.575591444969177
v -1.770209312438965 9.75496768951416 1.575595259666443
v -1.698596477508545 9.741183280944824 1.575541734695435
v -1.630004644393921 9.716193199157715 1.575440645217896
v -1.566542983055115 9.686134338378906 1.575312256813049
v -1.495599031448364 9.651664733886719 1.575155973434448
v -1.429494857788086 9.628809928894043 1.575047016143799
v -1.356899857521057 9.62394905090332 1.575023412704468
v -1.28557300567627 9.638742446899414 1.575094938278198
v -1.218178391456604 9.666768074035645 1.575225710868835
v -1.153524518013001 9.701516151428223 1.575378894805908
v -1.090244174003601 9.73729133605957 1.575526237487793
v -1.027834534645081 9.767702102661133 1.575643301010132
v -0.9540934562683106 9.787871360778809 1.575716614723206
v -0.8818716406822205 9.781393051147461 1.575693607330322
v -0.8141180872917175 9.754315376281738 1.575592637062073
v -0.7511856555938721 9.717293739318848 1.575445175170898
v -0.6903811097145081 9.676850318908691 1.575271129608154
v -0.6290884017944336 9.637104988098145 1.575087070465088
v -0.5647604465484619 9.60258674621582 1.574916839599609
v -0.4941277503967285 9.581048011779785 1.574805736541748
v -0.4225646257400513 9.584606170654297 1.574824452400208
v -0.3543133139610291 9.60978889465332 1.574953079223633
v -0.2909471094608307 9.646178245544434 1.575130224227905
v -0.2299319058656693 9.686454772949219 1.575313687324524
v -0.1700862050056458 9.725723266601563 1.575479745864868
v -0.1050598919391632 9.761916160583496 1.575621604919434
v -0.03654403612017632 9.785175323486328 1.575707077980042
v 0.03661110997200012 9.785158157348633 1.575707077980042
v 0.1055257171392441 9.761700630187988 1.575620770454407
v 0.1693101525306702 9.726197242736816 1.575481772422791
v 0.2304560989141464 9.686117172241211 1.57531213760376
v 0.2913679480552673 9.645885467529297 1.57512891292572
v 0.3572748601436615 9.608351707458496 1.57494580745697
v 0.4231184124946594 9.584465026855469 1.57482373714447
v 0.4944884479045868 9.581100463867188 1.574805974960327
v 0.5652422308921814 9.602809906005859 1.574917912483215
v 0.6295323967933655 9.637365341186523 1.575088381767273
v 0.6908413171768189 9.677168846130371 1.575272560119629
v 0.7516413927078247 9.717576026916504 1.575446367263794
v 0.8145950436592102 9.754583358764648 1.575593709945679
v 0.8823482394218445 9.781489372253418 1.575693964958191
v 0.9519323110580444 9.788090705871582 1.575717449188232
v 1.028040051460266 9.767618179321289 1.575642943382263
v 1.090741634368897 9.737010002136231 1.575525164604187
v 1.15427577495575 9.701094627380371 1.575377106666565
v 1.218661189079285 9.666529655456543 1.57522451877594
v 1.286089062690735 9.638579368591309 1.575094103813171
v 1.358158946037293 9.623847961425781 1.57502293586731
v 1.430050134658814 9.628932952880859 1.575047612190247
v 1.495810508728027 9.651759147644043 1.575156450271606
v 1.564513802528381 9.685113906860352 1.575307846069336
v 1.630501747131348 9.716408729553223 1.575441479682922
v 1.699139952659607 9.741338729858398 1.575542330741882
v 1.770769834518433 9.755010604858398 1.575595378875732
v 1.843669533729553 9.753929138183594 1.575591325759888
v -1.974201917648315 9.365493774414063 1.358646512031555
v -1.934022307395935 9.415635108947754 1.352479457855225
v -1.891993045806885 9.464075088500977 1.349527597427368
v -1.846795439720154 9.510324478149414 1.34949803352356
v -1.801720499992371 9.550824165344238 1.34969425201416
v -1.752525806427002 9.588329315185547 1.349865794181824
v -1.698336482048035 9.621091842651367 1.350007772445679
v -1.640873074531555 9.645541191101074 1.350108742713928
v -1.57982337474823 9.659220695495606 1.350163578987122
v -1.517322182655335 9.660072326660156 1.350166916847229
v -1.455939769744873 9.648258209228516 1.350119709968567
v -1.397146821022034 9.626841545104981 1.350031852722168
v -1.342751145362854 9.601080894470215 1.349921941757202
v -1.281942009925842 9.571538925170898 1.349790215492249
v -1.225281357765198 9.551952362060547 1.3496994972229
v -1.163057088851929 9.547786712646484 1.349679946899414
v -1.101919770240784 9.560463905334473 1.349739193916321
v -1.044152975082398 9.584483146667481 1.349848628044128
v -0.9887353181838989 9.614263534545898 1.349978685379028
v -0.9344950318336487 9.644923210144043 1.350106239318848
v -0.8810010552406311 9.670986175537109 1.350209593772888
v -0.8177943825721741 9.688270568847656 1.35027539730072
v -0.7558899521827698 9.682719230651856 1.350254535675049
v -0.697815477848053 9.659513473510742 1.350164651870728
v -0.643873393535614 9.627784729003906 1.350035786628723
v -0.591755211353302 9.593123435974121 1.349887013435364
v -0.5392186045646668 9.559061050415039 1.349732756614685
v -0.4840804040431976 9.529478073120117 1.349592208862305
v -0.4235380589962006 9.511018753051758 1.349501490592957
v -0.3621982336044312 9.514068603515625 1.349516749382019
v -0.3036971390247345 9.535650253295898 1.349622011184692
v -0.2493832260370255 9.566837310791016 1.34976863861084
v -0.1457881778478622 9.635008811950684 1.35006582736969
v 0.1451229900121689 9.635415077209473 1.350067496299744
v 0.2497439533472061 9.566586494445801 1.349767565727234
v 0.3062356114387512 9.534419059753418 1.349616050720215
v 0.3626729249954224 9.513947486877441 1.349516153335571
v 0.4238472580909729 9.511064529418945 1.349501729011536
v 0.4844933450222015 9.529669761657715 1.349593162536621
v 0.5395991802215576 9.559284210205078 1.349733710289002
v 0.5921496748924255 9.593396186828613 1.349888205528259
v 0.6442641019821167 9.628026962280273 1.350036859512329
v 0.6982243061065674 9.65974235534668 1.350165486335754
v 0.7562984824180603 9.682801246643066 1.350254893302918
v 0.8159419894218445 9.688459396362305 1.350276112556458
v 0.8811771869659424 9.670913696289063 1.35020923614502
v 0.9349213838577271 9.644681930541992 1.350105285644531
v 0.9893792271614075 9.613901138305664 1.349977254867554
v 1.044566750526428 9.584278106689453 1.349847674369812
v 1.102362036705017 9.560324668884277 1.349738597869873
v 1.164136171340942 9.547698974609375 1.349679470062256
v 1.225757241249085 9.552057266235352 1.349699974060059
v 1.282123327255249 9.571619987487793 1.349790573120117
v 1.341011881828308 9.60020637512207 1.349918127059937
v 1.397572994232178 9.627025604248047 1.350032687187195
v 1.456405639648438 9.648391723632813 1.350120306015015
v 1.517802715301514 9.66010856628418 1.350167036056519
v 1.580288171768189 9.659182548522949 1.350163340568543
v 1.641260743141174 9.64539909362793 1.35010826587677
v 1.698784589767456 9.62086296081543 1.350006699562073
v 1.752331495285034 9.588462829589844 1.349866390228272
v 1.802037239074707 9.550564765930176 1.349692940711975
v 1.84859561920166 9.508580207824707 1.349489212036133
v 1.892170310020447 9.463890075683594 1.349529981613159
v 1.934715390205383 9.414790153503418 1.352581262588501
v 1.973654627799988 9.366188049316406 1.358593583106995
v -1.6453537940979 9.319489479064941 1.132115840911865
v -1.611819744110107 9.361338615417481 1.126908898353577
v -1.576671957969666 9.401870727539063 1.124329209327698
v -1.53899621963501 9.440422058105469 1.124277353286743
v -1.501433730125427 9.474165916442871 1.124427556991577
v -1.460438132286072 9.505414962768555 1.124560952186585
v -1.41528046131134 9.532712936401367 1.124672889709473
v -1.367394328117371 9.553083419799805 1.124753713607788
v -1.316519498825073 9.564481735229492 1.124797821044922
v -1.264435172080994 9.565191268920898 1.124800562858582
v -1.213283181190491 9.555347442626953 1.124762535095215
v -1.164288997650147 9.537503242492676 1.12469208240509
v -1.118959307670593 9.516039848327637 1.124605059623718
v -1.06828498840332 9.491425514221191 1.124501943588257
v -1.02106773853302 9.475106239318848 1.124431610107422
v -0.9692142009735107 9.471634864807129 1.124416589736939
v -0.9182664155960083 9.482197761535645 1.124462366104126
v -0.8701274394989014 9.50221061706543 1.124547481536865
v -0.8239461183547974 9.527023315429688 1.124649882316589
v 0.8244826793670654 9.526721954345703 1.124648690223694
v 0.870472252368927 9.502039909362793 1.124546766281128
v 0.9186350703239441 9.482082366943359 1.124461889266968
v 0.9701135158538818 9.471562385559082 1.12441623210907
v 1.021464347839356 9.475193977355957 1.12443208694458
v 1.068436145782471 9.491493225097656 1.124502182006836
v 1.117509841918945 9.515311241149902 1.12460207939148
v 1.164644122123718 9.537656784057617 1.124692678451538
v 1.213671326637268 9.555459022521973 1.124763011932373
v 1.264835596084595 9.565221786499023 1.124800682067871
v 1.316906809806824 9.564449310302734 1.124797701835632
v 1.367717266082764 9.55296516418457 1.12475323677063
v 1.415653824806213 9.532522201538086 1.124672174453735
v 1.460276246070862 9.505526542663574 1.124561429023743
v 1.501697659492493 9.473949432373047 1.124426603317261
v 1.540496349334717 9.438968658447266 1.124270677566528
v 1.576819777488709 9.401716232299805 1.12433135509491
v 1.612400650978088 9.360630989074707 1.126996755599976
v 1.644899487495422 9.320065498352051 1.132072687149048
v -1.316318869590759 9.273749351501465 0.9055235981941223
v -1.289479613304138 9.30724048614502 0.9013225436210632
v -1.261339545249939 9.339691162109375 0.8992188572883606
v -1.231196999549866 9.370530128479004 0.8991562724113464
v -1.201146960258484 9.397521018981934 0.8992613554000855
v -1.168350577354431 9.422515869140625 0.8993556499481201
v -1.132224321365356 9.444350242614746 0.8994357585906982
v -1.093915462493897 9.460642814636231 0.8994941711425781
v -1.053215622901917 9.469759941101074 0.8995262980461121
v 1.053525447845459 9.469734191894531 0.8995261788368225
v 1.094173789024353 9.460548400878906 0.8994938135147095
v 1.132523059844971 9.444196701049805 0.8994352221488953
v 1.16822099685669 9.422604560852051 0.8993560075759888
v 1.201358079910278 9.397347450256348 0.8992606401443481
v 1.232397079467773 9.369367599487305 0.8991516828536987
v 1.261457800865173 9.339568138122559 0.8992207050323486
v 1.289944887161255 9.306673049926758 0.9013937115669251
v 1.315955758094788 9.274209976196289 0.905488908290863
v -1.997930645942688 9.334897994995117 1.360815763473511
v 1.99776017665863 9.335112571716309 1.360873699188232
v -1.665006995201111 9.294162750244141 1.133848309516907
v -1.809834599494934 9.342412948608398 1.245415568351746
v -1.831509709358215 9.314473152160645 1.247354626655579
v 1.664866209030151 9.294340133666992 1.133897423744202
v 1.809333920478821 9.343048095703125 1.245367646217346
v 1.83135449886322 9.314668655395508 1.247408390045166
v -1.3320232629776 9.253515243530273 0.9069127440452576
v -1.480835318565369 9.29662036895752 1.018808007240295
v -1.49850869178772 9.273846626281738 1.020365357398987
v 1.331910967826843 9.253656387329102 0.9069520831108093
v 1.480426669120789 9.297138214111328 1.018769025802612
v 1.498382210731506 9.274006843566895 1.02040958404541
v -1.1946781873703 9.256814956665039 0.8217793107032776
v -1.20891273021698 9.238476753234863 0.8230320811271668
v 1.194348812103272 9.257231712341309 0.8217478394508362
v 1.208811044692993 9.238604545593262 0.823067843914032
v -1.090987324714661 9.220967292785645 0.7342215776443481
v -1.090301394462585 9.219798088073731 0.7352398037910461
v -1.089597344398499 9.219325065612793 0.7362828850746155
v -1.089237332344055 9.219368934631348 0.7368153929710388
v -1.088871240615845 9.219610214233398 0.7373561859130859
v -1.088119506835938 9.220715522766113 0.7384650111198425
v -1.082967758178711 9.244345664978027 0.7459997534751892
v -1.074704766273499 9.286581993103027 0.7578551173210144
v -1.065244793891907 9.321771621704102 0.7710954546928406
v -1.05445146560669 9.354937553405762 0.7857906818389893
v -1.042123198509216 9.38669490814209 0.8020686507225037
v -1.027906179428101 9.415647506713867 0.8202095627784729
v -1.011552691459656 9.439467430114746 0.8402952551841736
v -0.9926245212554932 9.455519676208496 0.8625725507736206
v -0.972091555595398 9.460836410522461 0.885648250579834
v -0.9592997431755066 9.458929061889648 0.899488091468811
v -0.950819194316864 9.455952644348145 0.9084479212760925
v -0.9298749566078186 9.444728851318359 0.9298749566078186
v -0.928997814655304 9.444188117980957 0.9307512640953064
v -0.9058523178100586 9.43052864074707 0.9532923698425293
v -0.8794059753417969 9.42337703704834 0.9777422547340393
v -0.8494105935096741 9.432910919189453 1.003910541534424
v -0.818465530872345 9.457423210144043 1.029295444488525
v -0.7871309518814087 9.490923881530762 1.053451299667358
v -0.7545420527458191 9.528168678283691 1.077033519744873
v -0.7187801599502564 9.564151763916016 1.101222038269043
v -0.6811452507972717 9.58872127532959 1.124889254570007
v -0.6773197054862976 9.590160369873047 1.127196907997131
v -0.6326292157173157 9.592411994934082 1.152872562408447
v -0.5886210799217224 9.575607299804688 1.175950646400452
v -0.5453265905380249 9.550078392028809 1.196642637252808
v -0.5001588463783264 9.521674156188965 1.216213703155518
v -0.4503900110721588 9.495782852172852 1.235509514808655
v -0.3938241899013519 9.48154354095459 1.254686117172241
v -0.332251101732254 9.492188453674316 1.272377252578735
v -0.2732104957103729 9.523403167724609 1.28634786605835
v -0.216065987944603 9.563599586486816 1.297170162200928
v -0.1591209322214127 9.605451583862305 1.305379390716553
v -0.09988421201705933 9.643290519714356 1.311242938041687
v -0.03462047502398491 9.669468879699707 1.31458592414856
v -2.437356893361155e-16 9.673148155212402 1.315041780471802
v 0.03487905859947205 9.669408798217773 1.314579129219055
v 0.1000698432326317 9.6431884765625 1.311228752136231
v 0.1595911085605621 9.605118751525879 1.305321931838989
v 0.2165254354476929 9.563259124755859 1.297093510627747
v 0.2729978859424591 9.523539543151856 1.286393046379089
v 0.3324611186981201 9.492108345031738 1.272322416305542
v 0.3940858542919159 9.481560707092285 1.254603981971741
v 0.4505791962146759 9.495862007141113 1.235440492630005
v 0.5000513792037964 9.521610260009766 1.216257929801941
v 0.5453886389732361 9.550117492675781 1.196614384651184
v 0.588736355304718 9.575666427612305 1.175892949104309
v 0.6327819228172302 9.592443466186523 1.152788758277893
v 0.6776548027992249 9.590041160583496 1.126995444297791
v 0.681145191192627 9.588730812072754 1.124889373779297
v 0.7188810706138611 9.564064025878906 1.101156115531921
v 0.754664421081543 9.528032302856445 1.076947689056397
v 0.7871347665786743 9.490920066833496 1.053448438644409
v 0.8185743689537048 9.457318305969238 1.029208898544312
v 0.8496136069297791 9.432791709899902 1.003738760948181
v 0.8795365691184998 9.423375129699707 0.977624773979187
v 0.9059195518493652 9.430562973022461 0.9532284736633301
v 0.9291155338287354 9.444260597229004 0.9306337237358093
v 0.9298749566078186 9.444728851318359 0.9298749566078186
v 0.9509251713752747 9.455996513366699 0.9083369970321655
v 0.9592997431755066 9.458929061889648 0.899488091468811
v 0.9721782803535461 9.460837364196777 0.8855530619621277
v 0.9926125407218933 9.455526351928711 0.8625863194465637
v 1.011411547660828 9.439631462097168 0.8404651284217835
v 1.027859687805176 9.415728569030762 0.8202677965164185
v 1.042080044746399 9.386795043945313 0.8021247386932373
v 1.054361939430237 9.355191230773926 0.7859107851982117
v 1.065254092216492 9.321741104125977 0.7710826396942139
v 1.074704527854919 9.286578178405762 0.7578555345535278
v 1.08294415473938 9.244411468505859 0.7460339665412903
v 1.088109970092773 9.220720291137695 0.7384791374206543
v 1.088863492012024 9.219610214233398 0.7373676300048828
v 1.089230537414551 9.219367027282715 0.7368253469467163
v 1.08959174156189 9.219321250915527 0.7362911105155945
v 1.090298414230347 9.219794273376465 0.7352442741394043
v 1.090987324714661 9.220967292785645 0.7342215776443481
v 2.073687553405762 9.337990760803223 1.39635956287384
v 2.072351455688477 9.335749626159668 1.398341655731201
v 2.071678400039673 9.33515739440918 1.399338841438294
v 2.071000337600708 9.334925651550293 1.400341987609863
v 2.070316791534424 9.335062026977539 1.401352524757385
v 2.069626331329346 9.335572242736816 1.402372002601624
v 2.0682213306427 9.337741851806641 1.404443025588989
v 2.058361053466797 9.38348388671875 1.418854951858521
v 2.042582750320435 9.463010787963867 1.441476941108704
v 2.024536848068237 9.529562950134277 1.466714143753052
v 2.003765821456909 9.593150138854981 1.494965672492981
v 1.980361819267273 9.653226852416992 1.525833249092102
v 1.953280806541443 9.708224296569824 1.56035053730011
v 1.94109046459198 9.72816276550293 1.575489640235901
v 1.921972274780273 9.753655433654785 1.598756551742554
v 1.886200785636902 9.783860206604004 1.640806674957275
v 1.847325325012207 9.793941497802734 1.684455156326294
v 1.806897878646851 9.784721374511719 1.727750062942505
v 1.767766952514648 9.763840675354004 1.767766952514648
v 1.765417814254761 9.762392997741699 1.770112991333008
v 1.734282374382019 9.743328094482422 1.800628900527954
v 1.721307396888733 9.736338615417481 1.813036322593689
v 1.671136856079102 9.722657203674316 1.859382152557373
v 1.614227414131165 9.740537643432617 1.908997058868408
v 1.555195093154907 9.787137985229492 1.957388162612915
v 1.495415449142456 9.850988388061523 2.003430128097534
v 1.464247345924377 9.886814117431641 2.026321649551392
v 1.433699131011963 9.921520233154297 2.048049449920654
v 1.365707993507385 9.99000358581543 2.094001293182373
v 1.287379264831543 10.03937339782715 2.143048048019409
v 1.202096462249756 10.04391288757324 2.192022800445557
v 1.118368268013001 10.01197910308838 2.23590087890625
v 1.085964322090149 9.994038581848145 2.251817464828491
v 1.035970449447632 9.963374137878418 2.275250673294067
v 0.9498080611228943 9.909154891967773 2.31254506111145
v 0.8558083772659302 9.860193252563477 2.348955631256104
v 0.7484853863716126 9.832991600036621 2.385323762893677
v 0.6314254999160767 9.853015899658203 2.418946504592896
v 0.5184849500656128 9.912738800048828 2.445643663406372
v 0.4112382531166077 9.98823356628418 2.465944766998291
v 0.3374355435371399 10.04302501678467 2.477122783660889
v 0.3031198382377625 10.0678243637085 2.481555700302124
v 0.1900811940431595 10.14024162292481 2.49276328086853
v 0.06625637412071228 10.19013690948486 2.499121904373169
v -4.616405266105598e-16 10.1972541809082 2.5
v -0.06576517224311829 10.19025039672852 2.49913477897644
v -0.1897286325693131 10.14043617248535 2.492790222167969
v -0.3022269606590271 10.06845855712891 2.481664419174194
v -0.3374354541301727 10.04300689697266 2.477122783660889
v -0.4103657305240631 9.988880157470703 2.466089963912964
v -0.5188887119293213 9.912479400634766 2.445558071136475
v -0.631026566028595 9.853169441223145 2.419050455093384
v -0.7479883432388306 9.83296012878418 2.385479688644409
v -0.8554489016532898 9.860043525695801 2.34908652305603
v -0.9500123858451843 9.90927791595459 2.312461137771606
v -1.035852551460266 9.963299751281738 2.275304317474365
v -1.085964322090149 9.994053840637207 2.251817464828491
v -1.118149042129517 10.01186561584473 2.236010551452637
v -1.201806306838989 10.04385185241699 2.192182064056397
v -1.286742448806763 10.03960132598877 2.143430471420288
v -1.365516304969788 9.990169525146484 2.094126462936401
v -1.433466553688049 9.921778678894043 2.048212289810181
v -1.464247465133667 9.886804580688477 2.026321649551392
v -1.495408177375794 9.850996971130371 2.003435611724854
v -1.554988026618958 9.787337303161621 1.957552552223206
v -1.61384117603302 9.740762710571289 1.909323573112488
v -1.670888423919678 9.722661018371582 1.859605312347412
v -1.721179485321045 9.736273765563965 1.813157796859741
v -1.734282374382019 9.743324279785156 1.800628900527954
v -1.765193939208984 9.76225471496582 1.770336270332336
v -1.767766952514648 9.76384162902832 1.767766952514648
v -1.80669629573822 9.784637451171875 1.727960824966431
v -1.847160339355469 9.793939590454102 1.684635996818543
v -1.886223673820496 9.783847808837891 1.640780448913574
v -1.922240853309631 9.753344535827637 1.598433613777161
v -1.94109046459198 9.728184700012207 1.57548975944519
v -1.953369379043579 9.708069801330566 1.560239791870117
v -1.980444073677063 9.653036117553711 1.525726556777954
v -2.003936529159546 9.592667579650879 1.494736909866333
v -2.024519205093384 9.529621124267578 1.46673858165741
v -2.042583227157593 9.463017463684082 1.441476106643677
v -2.058406114578247 9.383357048034668 1.418789744377136
v -2.068239688873291 9.337732315063477 1.40441632270813
v -2.06964111328125 9.335570335388184 1.402349948883057
v -2.070329666137695 9.335064888000488 1.401333451271057
v -2.071011066436768 9.334931373596191 1.400326132774353
v -2.071686744689941 9.335165023803711 1.39932644367218
v -2.072357177734375 9.335757255554199 1.398333072662354
v -2.073687553405762 9.337990760803223 1.39635956287384
v -2.002671241760254 9.329532623291016 1.348487138748169
v -1.835782051086426 9.309656143188477 1.23599898815155
v -1.668892741203308 9.28978157043457 1.123529314994812
v -1.50200343132019 9.269907951354981 1.011078953742981
v -1.335114240646362 9.250035285949707 0.8986485004425049
v -1.213050723075867 9.235500335693359 0.8164294362068176
v 1.213050723075867 9.235500335693359 0.8164294362068176
v 1.335114240646362 9.250035285949707 0.8986485004425049
v 1.50200343132019 9.269907951354981 1.011078953742981
v 1.668892741203308 9.28978157043457 1.123529314994812
v 1.835782051086426 9.309656143188477 1.23599898815155
v 2.002671241760254 9.329532623291016 1.348487138748169
v -0.7341675162315369 9.574284553527832 1.124835252761841
v -0.9706265330314636 9.462453842163086 0.8995005488395691
v 0.7343143224716187 9.574223518371582 1.124835014343262
v 1.011868476867676 9.470351219177246 0.8995283842086792
v 1.315041780471802 9.424764633178711 8.301836090488402e-18
v 1.315041780471802 9.424764633178711 -1.851171532507578e-06
v 1.314822196960449 9.420454025268555 -0.02225386723876
v 1.312446475028992 9.382815361022949 -0.08257768303155899
v 1.309285879135132 9.354609489440918 -0.1221901103854179
v 1.304295182228088 9.338131904602051 -0.1677762269973755
v 1.301368355751038 9.341789245605469 -0.1890594214200974
v 1.292224407196045 9.378318786621094 -0.2439075708389282
v 1.285705208778381 9.403079986572266 -0.2761302292346954
v 1.281548023223877 9.41219425201416 -0.2948567271232605
v 1.276881217956543 9.415078163146973 -0.3144981265068054
v 1.254122138023377 9.37236213684082 -0.3956165015697479
v 1.239612698554993 9.347428321838379 -0.4389706552028656
v 1.23221218585968 9.341776847839356 -0.459322988986969
v 1.224239349365234 9.343305587768555 -0.4801801145076752
v 1.208733439445496 9.366106033325195 -0.5179750919342041
v 1.199249148368835 9.377503395080566 -0.5395949482917786
v 1.188351273536682 9.381096839904785 -0.563166081905365
v 1.170673966407776 9.369687080383301 -0.5990054607391357
v 1.154308795928955 9.347362518310547 -0.6300047636032105
v 1.090986251831055 9.220967292785645 -0.7342233061790466
v 1.090987324714661 9.220967292785645 0.7342215776443481
v 1.154310345649719 9.347363471984863 0.6300019025802612
v 1.17067551612854 9.369687080383301 0.5990025401115418
v 1.188352704048157 9.381096839904785 0.5631630420684815
v 1.19925057888031 9.377504348754883 0.5395918488502502
v 1.208734750747681 9.366106986999512 0.5179719924926758
v 1.22424054145813 9.343305587768555 0.4801768958568573
v 1.232213377952576 9.341776847839356 0.4593197107315064
v 1.239613890647888 9.347428321838379 0.4389673471450806
v 1.254123210906982 9.372363090515137 0.3956131339073181
v 1.27688205242157 9.415078163146973 0.3144946396350861
v 1.281548857688904 9.41219425201416 0.2948532104492188
v 1.292225122451782 9.378318786621094 0.2439039796590805
v 1.298266172409058 9.351761817932129 0.2092507630586624
v 1.301368832588196 9.341789245605469 0.1890557855367661
v 1.304295659065247 9.338131904602051 0.167772576212883
v 1.309286236763001 9.354609489440918 0.1221864297986031
v 1.312446713447571 9.382815361022949 0.08257398754358292
v 1.314240217208862 9.409773826599121 0.04434216767549515
v 1.314822316169739 9.420454025268555 0.02225146628916264
v 2.073686361312866 9.337990760803223 -1.396361231803894
v 2.13257646560669 9.464500427246094 -1.304387331008911
v 2.193975210189819 9.578324317932129 -1.198529481887817
v 2.225112199783325 9.620790481567383 -1.139603853225708
v 2.258750915527344 9.64249324798584 -1.071468472480774
v 2.279501438140869 9.63566780090332 -1.02662980556488
v 2.297563552856445 9.614001274108887 -0.985495924949646
v 2.327097654342651 9.570651054382324 -0.9135735034942627
v 2.342276096343994 9.567748069763184 -0.8739023804664612
v 2.356364727020264 9.578500747680664 -0.8351919054985046
v 2.383981704711914 9.625931739807129 -0.7527492642402649
v 2.405726671218872 9.674983978271484 -0.6800582408905029
v 2.427314519882202 9.707192420959473 -0.5984519720077515
v 2.436203002929688 9.701711654663086 -0.5610795617103577
v 2.456541538238525 9.637288093566895 -0.4641166031360626
v 2.468050003051758 9.586779594421387 -0.3981626629829407
v 2.473959922790527 9.567815780639648 -0.359731912612915
v 2.479534149169922 9.560861587524414 -0.319234162569046
v 2.489037990570068 9.592205047607422 -0.2325047552585602
v 2.495056629180908 9.645857810974121 -0.1571363806724548
v 2.498473405838013 9.6971435546875 -0.08437976986169815
v 2.499582052230835 9.717456817626953 -0.04234354570508003
v 2.5 9.725653648376465 2.21579997427295e-17
v 2.499582052230835 9.717455863952637 0.04234256222844124
v 2.495056867599487 9.645857810974121 0.1571327298879623
v 2.489038228988648 9.592205047607422 0.2325011193752289
v 2.47953462600708 9.560861587524414 0.3192305564880371
v 2.473960399627686 9.567815780639648 0.3597283363342285
v 2.456542015075684 9.637289047241211 0.4641130566596985
v 2.444122314453125 9.684381484985352 0.5254405736923218
v 2.436203718185425 9.701711654663086 0.5610761046409607
v 2.42731523513794 9.707192420959473 0.5984485149383545
v 2.405727624893189 9.674984931945801 0.6800548434257507
v 2.383982658386231 9.625931739807129 0.7527459263801575
v 2.356365919113159 9.578500747680664 0.835188627243042
v 2.34227728843689 9.567748069763184 0.8738991618156433
v 2.327098846435547 9.570651054382324 0.9135702848434448
v 2.297564744949341 9.614001274108887 0.9854928255081177
v 2.279502868652344 9.63566780090332 1.026626825332642
v 2.258752346038818 9.642494201660156 1.071465492248535
v 2.2251136302948 9.620790481567383 1.139600992202759
v 2.193976640701294 9.578325271606445 1.198526620864868
v 2.132577896118164 9.464500427246094 1.30438494682312
v 2.073687553405762 9.337990760803223 1.39635956287384
v 1.213050246238709 9.235500335693359 -0.8164315223693848
v 1.335114240646362 9.250035285949707 -0.8986510038375855
v 1.50200343132019 9.269907951354981 -1.011081457138062
v 1.668892741203308 9.28978157043457 -1.123531818389893
v 1.835782051086426 9.309656143188477 -1.236001372337341
v 2.002671241760254 9.329532623291016 -1.34848964214325
v 2.002671241760254 9.329532623291016 1.348487138748169
v 1.835782051086426 9.309656143188477 1.23599898815155
v 1.668892741203308 9.28978157043457 1.123529314994812
v 1.50200343132019 9.269907951354981 1.011078953742981
v 1.335114240646362 9.250035285949707 0.8986485004425049
v 1.213050723075867 9.235500335693359 0.8164294362068176
v -1.090987324714661 9.220967292785645 0.7342215776443481
v -1.154310345649719 9.347363471984863 0.6300019025802612
v -1.17067551612854 9.369687080383301 0.5990025401115418
v -1.188352704048157 9.381096839904785 0.5631630420684815
v -1.19925057888031 9.377504348754883 0.5395918488502502
v -1.208734750747681 9.366106986999512 0.5179719924926758
v -1.22424054145813 9.343305587768555 0.4801768958568573
v -1.232213377952576 9.341776847839356 0.4593197107315064
v -1.239613890647888 9.347428321838379 0.4389673471450806
v -1.254123210906982 9.372363090515137 0.3956131339073181
v -1.27688205242157 9.415078163146973 0.3144946396350861
v -1.281548857688904 9.41219425201416 0.2948532104492188
v -1.292225122451782 9.378318786621094 0.2439039796590805
v -1.298266172409058 9.351761817932129 0.2092507630586624
v -1.301368832588196 9.341789245605469 0.1890557855367661
v -1.304295659065247 9.338131904602051 0.167772576212883
v -1.309286236763001 9.354609489440918 0.1221864297986031
v -1.312446713447571 9.382815361022949 0.08257398754358292
v -1.314240217208862 9.409774780273438 0.04434125497937203
v -1.314822316169739 9.420454025268555 0.02225004509091377
v -1.315041780471802 9.424764633178711 -1.851171532507578e-06
v -1.314822196960449 9.420454025268555 -0.02225386723876
v -1.312446475028992 9.382815361022949 -0.08257768303155899
v -1.309285879135132 9.354609489440918 -0.1221901103854179
v -1.304295182228088 9.338131904602051 -0.1677762269973755
v -1.301368355751038 9.341789245605469 -0.1890594214200974
v -1.292224407196045 9.378318786621094 -0.2439075708389282
v -1.285705208778381 9.403079986572266 -0.2761302292346954
v -1.281548023223877 9.41219425201416 -0.2948567271232605
v -1.276881217956543 9.415078163146973 -0.3144981265068054
v -1.254122138023377 9.37236213684082 -0.3956165015697479
v -1.239612698554993 9.347428321838379 -0.4389706552028656
v -1.23221218585968 9.341776847839356 -0.459322988986969
v -1.224239349365234 9.343305587768555 -0.4801801145076752
v -1.208733439445496 9.366106033325195 -0.5179750919342041
v -1.199249148368835 9.377503395080566 -0.5395949482917786
v -1.188351273536682 9.381096839904785 -0.563166081905365
v -1.170673966407776 9.369687080383301 -0.5990054607391357
v -1.154308795928955 9.347362518310547 -0.6300047636032105
v -1.090986251831055 9.220967292785645 -0.7342233061790466
v -2.073686361312866 9.337990760803223 -1.396361351013184
v -2.13257646560669 9.464500427246094 -1.304387331008911
v -2.193975210189819 9.578324317932129 -1.198529481887817
v -2.225112199783325 9.620790481567383 -1.139603853225708
v -2.258750915527344 9.64249324798584 -1.071468472480774
v -2.279501438140869 9.63566780090332 -1.02662980556488
v -2.297563552856445 9.614001274108887 -0.985495924949646
v -2.327097654342651 9.570651054382324 -0.9135735034942627
v -2.342276096343994 9.567748069763184 -0.8739023804664612
v -2.356364727020264 9.578500747680664 -0.8351919054985046
v -2.383981704711914 9.625931739807129 -0.7527492642402649
v -2.405726671218872 9.674983978271484 -0.6800582408905029
v -2.427314519882202 9.707192420959473 -0.5984519720077515
v -2.436203002929688 9.701711654663086 -0.5610795617103577
v -2.456541538238525 9.637288093566895 -0.4641166031360626
v -2.468050003051758 9.586779594421387 -0.3981626629829407
v -2.473959922790527 9.567815780639648 -0.359731912612915
v -2.479534149169922 9.560861587524414 -0.319234162569046
v -2.489037990570068 9.592205047607422 -0.2325047552585602
v -2.495056629180908 9.645857810974121 -0.1571363806724548
v -2.498473405838013 9.6971435546875 -0.08437975496053696
v -2.499582052230835 9.717456817626953 -0.04234353080391884
v -2.5 9.725653648376465 -2.964186504960504e-16
v -2.499582052230835 9.717455863952637 0.04234256222844124
v -2.495056867599487 9.645857810974121 0.1571327298879623
v -2.489038228988648 9.592205047607422 0.2325011193752289
v -2.47953462600708 9.560861587524414 0.3192305564880371
v -2.473960399627686 9.567815780639648 0.3597283363342285
v -2.456542015075684 9.637289047241211 0.4641130566596985
v -2.444122314453125 9.684381484985352 0.5254405736923218
v -2.436203718185425 9.701711654663086 0.5610761046409607
v -2.42731523513794 9.707192420959473 0.5984485149383545
v -2.405727624893189 9.674984931945801 0.6800548434257507
v -2.383982658386231 9.625931739807129 0.7527459263801575
v -2.356365919113159 9.578500747680664 0.835188627243042
v -2.34227728843689 9.567748069763184 0.8738991618156433
v -2.327098846435547 9.570651054382324 0.9135702848434448
v -2.297564744949341 9.614001274108887 0.9854928255081177
v -2.279502868652344 9.63566780090332 1.026626825332642
v -2.258752346038818 9.642494201660156 1.071465492248535
v -2.2251136302948 9.620790481567383 1.139600992202759
v -2.193976640701294 9.578325271606445 1.198526620864868
v -2.132577896118164 9.464500427246094 1.30438494682312
v -2.073687553405762 9.337990760803223 1.39635956287384
v -1.213050246238709 9.235500335693359 -0.8164315223693848
v -1.335114240646362 9.250035285949707 -0.8986510038375855
v -1.50200343132019 9.269907951354981 -1.011081457138062
v -1.668892741203308 9.28978157043457 -1.123531818389893
v -1.835782051086426 9.309656143188477 -1.236001372337341
v -2.002671241760254 9.329532623291016 -1.34848964214325
v -2.002671241760254 9.329532623291016 1.348487138748169
v -1.835782051086426 9.309656143188477 1.23599898815155
v -1.668892741203308 9.28978157043457 1.123529314994812
v -1.50200343132019 9.269907951354981 1.011078953742981
v -1.335114240646362 9.250035285949707 0.8986485004425049
v -1.213050723075867 9.235500335693359 0.8164294362068176
v 1.315041780471802 10.69847869873047 0
v -1.315041780471802 10.69847869873047 0
v 1.315041780471802 10.69847869873047 0
v 1.286304950714111 10.69847869873047 -0.2734125554561615
v 1.201350450515747 10.69847869873047 -0.5348756909370422
v 1.063891172409058 10.69847869873047 -0.7729621529579163
v 0.8799346685409546 10.69847869873047 -0.9772664904594421
v 0.6575208902359009 10.69847869873047 -1.138859510421753
v 0.4063702523708344 10.69847869873047 -1.250679016113281
v 0.1374592930078507 10.69847869873047 -1.307837843894959
v -0.1374592930078507 10.69847869873047 -1.307837843894959
v -0.4063702523708344 10.69847869873047 -1.250679016113281
v -0.6575208902359009 10.69847869873047 -1.138859510421753
v -0.8799346685409546 10.69847869873047 -0.9772664904594421
v -1.063891172409058 10.69847869873047 -0.7729621529579163
v -1.201350450515747 10.69847869873047 -0.5348756909370422
v -1.286304950714111 10.69847869873047 -0.2734125554561615
v -1.286304950714111 10.69847869873047 0.2734125554561615
v -1.201350450515747 10.69847869873047 0.5348756909370422
v -1.063891172409058 10.69847869873047 0.7729621529579163
v -0.8799346685409546 10.69847869873047 0.9772664904594421
v -0.6575208902359009 10.69847869873047 1.138859510421753
v -0.4063702523708344 10.69847869873047 1.250679016113281
v -0.1374592930078507 10.69847869873047 1.307837843894959
v 0.1374592930078507 10.69847869873047 1.307837843894959
v 0.4063702523708344 10.69847869873047 1.250679016113281
v 0.6575208902359009 10.69847869873047 1.138859510421753
v 0.8799346685409546 10.69847869873047 0.9772664904594421
v 1.063891172409058 10.69847869873047 0.7729621529579163
v 1.201350450515747 10.69847869873047 0.5348756909370422
v 1.286304950714111 10.69847869873047 0.2734125554561615
v -1.090986251831055 9.220967292785645 -0.7342233061790466
v -1.090300559997559 9.219798088073731 -0.735241174697876
v -1.089596629142761 9.219325065612793 -0.7362840175628662
v -1.089236617088318 9.219368934631348 -0.7368164658546448
v -1.088870644569397 9.219610214233398 -0.7373571395874023
v -1.088119029998779 9.220715522766113 -0.7384659051895142
v -1.082967162132263 9.244345664978027 -0.7460005879402161
v -1.07470428943634 9.286581993103027 -0.7578558921813965
v -1.065244317054749 9.321771621704102 -0.7710962295532227
v -1.054450869560242 9.354936599731445 -0.7857914566993713
v -1.042122602462769 9.38669490814209 -0.802069365978241
v -1.027905583381653 9.415646553039551 -0.8202102780342102
v -1.011552095413208 9.439467430114746 -0.8402959108352661
v -0.9926239252090454 9.455519676208496 -0.8625732064247131
v -0.9720909595489502 9.460836410522461 -0.8856489062309265
v -0.9592986702919006 9.458929061889648 -0.8994892239570618
v -0.950818657875061 9.455951690673828 -0.9084485173225403
v -0.9298749566078186 9.444728851318359 -0.9298749566078186
v -0.9289972186088562 9.444187164306641 -0.9307518601417542
v -0.9058517217636108 9.43052864074707 -0.9532929658889771
v -0.8794053792953491 9.423376083374023 -0.9777427911758423
v -0.8494099974632263 9.432909965515137 -1.003911137580872
v -0.8184649348258972 9.457423210144043 -1.029295802116394
v -0.7871304154396057 9.490923881530762 -1.053451776504517
v -0.7545415163040161 9.528168678283691 -1.077033877372742
v -0.7187796235084534 9.564150810241699 -1.101222395896912
v -0.6811433434486389 9.588722229003906 -1.124890446662903
v -0.6773191690444946 9.590160369873047 -1.12719714641571
v -0.6326287388801575 9.592411041259766 -1.152872800827026
v -0.5886206030845642 9.575606346130371 -1.175950884819031
v -0.5453261733055115 9.550078392028809 -1.196642875671387
v -0.5001584887504578 9.521674156188965 -1.216213941574097
v -0.4503896236419678 9.495782852172852 -1.235509634017944
v -0.3938238620758057 9.48154354095459 -1.254686236381531
v -0.3322508335113525 9.492188453674316 -1.272377371788025
v -0.2732102572917938 9.523403167724609 -1.28634786605835
v -0.2160657942295075 9.563599586486816 -1.297170162200928
v -0.1591207832098007 9.605451583862305 -1.305379390716553
v -0.09988412261009216 9.643290519714356 -1.311242938041687
v -0.03462044149637222 9.669467926025391 -1.31458592414856
v 8.034229265693207e-17 9.673147201538086 -1.315041780471802
v 0.03487902879714966 9.669408798217773 -1.314579129219055
v 0.1000697538256645 9.6431884765625 -1.311228752136231
v 0.1595909744501114 9.605118751525879 -1.305322051048279
v 0.2165252566337585 9.563259124755859 -1.297093510627747
v 0.2729976773262024 9.523539543151856 -1.286393046379089
v 0.3324608206748962 9.492107391357422 -1.272322535514832
v 0.3940854966640472 9.481559753417969 -1.25460410118103
v 0.4505788385868073 9.495862007141113 -1.235440611839294
v 0.500050961971283 9.521609306335449 -1.21625816822052
v 0.5453881621360779 9.550117492675781 -1.196614623069763
v 0.5887359380722046 9.575666427612305 -1.175893187522888
v 0.6327813863754273 9.592443466186523 -1.152788996696472
v 0.6776542663574219 9.59004020690918 -1.126995801925659
v 0.6811432838439941 9.588730812072754 -1.124890446662903
v 0.7188805341720581 9.564064025878906 -1.10115647315979
v 0.75466388463974 9.528032302856445 -1.076948165893555
v 0.7871341705322266 9.49091911315918 -1.053448915481567
v 0.8185737729072571 9.457318305969238 -1.02920925617218
v 0.8496130108833313 9.432791709899902 -1.003739237785339
v 0.879535973072052 9.423374176025391 -0.97762531042099
v 0.9059190154075623 9.430562973022461 -0.9532290101051331
v 0.9291149377822876 9.444259643554688 -0.9306343197822571
v 0.9298749566078186 9.444728851318359 -0.9298749566078186
v 0.9509246349334717 9.455996513366699 -0.9083375930786133
v 0.9592986702919006 9.458929061889648 -0.8994892239570618
v 0.9721776843070984 9.460837364196777 -0.8855537176132202
v 0.9926119446754456 9.455526351928711 -0.862587034702301
v 1.01141095161438 9.439630508422852 -0.840465784072876
v 1.027859091758728 9.415728569030762 -0.8202685117721558
v 1.042079448699951 9.386795043945313 -0.8021254539489746
v 1.054361343383789 9.355191230773926 -0.7859115600585938
v 1.065253615379334 9.32174015045166 -0.771083414554596
v 1.074703931808472 9.286578178405762 -0.7578563690185547
v 1.082943558692932 9.244411468505859 -0.7460348010063171
v 1.088109493255615 9.220720291137695 -0.7384799718856812
v 1.088862895965576 9.219610214233398 -0.7373685836791992
v 1.089229941368103 9.219367027282715 -0.7368263602256775
v 1.089591026306152 9.219321250915527 -0.7362922430038452
v 1.09029757976532 9.219794273376465 -0.7352455854415894
v 1.090986251831055 9.220967292785645 -0.7342233061790466
v 1.090987324714661 9.220967292785645 0.7342215776443481
v 1.090298414230347 9.219794273376465 0.7352442741394043
v 1.08959174156189 9.219321250915527 0.7362911105155945
v 1.089230537414551 9.219367027282715 0.7368253469467163
v 1.088863492012024 9.219610214233398 0.7373676300048828
v 1.088109970092773 9.220720291137695 0.7384791374206543
v 1.08294415473938 9.244411468505859 0.7460339665412903
v 1.074704527854919 9.286578178405762 0.7578555345535278
v 1.065254092216492 9.321741104125977 0.7710826396942139
v 1.054361939430237 9.355191230773926 0.7859107851982117
v 1.042080044746399 9.386795043945313 0.8021247386932373
v 1.027859687805176 9.415728569030762 0.8202677965164185
v 1.011411547660828 9.439631462097168 0.8404651284217835
v 0.9926125407218933 9.455526351928711 0.8625863194465637
v 0.9721782803535461 9.460837364196777 0.8855530619621277
v 0.9592997431755066 9.458929061889648 0.899488091468811
v 0.9509251713752747 9.455996513366699 0.9083369970321655
v 0.9298749566078186 9.444728851318359 0.9298749566078186
v 0.9291155338287354 9.444260597229004 0.9306337237358093
v 0.9059195518493652 9.430562973022461 0.9532284736633301
v 0.8795365691184998 9.423375129699707 0.977624773979187
v 0.8496136069297791 9.432791709899902 1.003738760948181
v 0.8185743689537048 9.457318305969238 1.029208898544312
v 0.7871347665786743 9.490920066833496 1.053448438644409
v 0.754664421081543 9.528032302856445 1.076947689056397
v 0.7188810706138611 9.564064025878906 1.101156115531921
v 0.681145191192627 9.588730812072754 1.124889373779297
v 0.6776548027992249 9.590041160583496 1.126995444297791
v 0.6327819228172302 9.592443466186523 1.152788758277893
v 0.588736355304718 9.575666427612305 1.175892949104309
v 0.5453886389732361 9.550117492675781 1.196614384651184
v 0.5000513792037964 9.521610260009766 1.216257929801941
v 0.4505791962146759 9.495862007141113 1.235440492630005
v 0.3940858542919159 9.481560707092285 1.254603981971741
v 0.3324611186981201 9.492108345031738 1.272322416305542
v 0.2729978859424591 9.523539543151856 1.286393046379089
v 0.2165254354476929 9.563259124755859 1.297093510627747
v 0.1595911085605621 9.605118751525879 1.305321931838989
v 0.1000698432326317 9.6431884765625 1.311228752136231
v 0.03487905859947205 9.669408798217773 1.314579129219055
v -2.437356893361155e-16 9.673148155212402 1.315041780471802
v -0.03462047502398491 9.669468879699707 1.31458592414856
v -0.09988421201705933 9.643290519714356 1.311242938041687
v -0.1591209322214127 9.605451583862305 1.305379390716553
v -0.216065987944603 9.563599586486816 1.297170162200928
v -0.2732104957103729 9.523403167724609 1.28634786605835
v -0.332251101732254 9.492188453674316 1.272377252578735
v -0.3938241899013519 9.48154354095459 1.254686117172241
v -0.4503900110721588 9.495782852172852 1.235509514808655
v -0.5001588463783264 9.521674156188965 1.216213703155518
v -0.5453265905380249 9.550078392028809 1.196642637252808
v -0.5886210799217224 9.575607299804688 1.175950646400452
v -0.6326292157173157 9.592411994934082 1.152872562408447
v -0.6773197054862976 9.590160369873047 1.127196907997131
v -0.6811452507972717 9.58872127532959 1.124889254570007
v -0.7187801599502564 9.564151763916016 1.101222038269043
v -0.7545420527458191 9.528168678283691 1.077033519744873
v -0.7871309518814087 9.490923881530762 1.053451299667358
v -0.818465530872345 9.457423210144043 1.029295444488525
v -0.8494105935096741 9.432910919189453 1.003910541534424
v -0.8794059753417969 9.42337703704834 0.9777422547340393
v -0.9058523178100586 9.43052864074707 0.9532923698425293
v -0.928997814655304 9.444188117980957 0.9307512640953064
v -0.9298749566078186 9.444728851318359 0.9298749566078186
v -0.950819194316864 9.455952644348145 0.9084479212760925
v -0.9592997431755066 9.458929061889648 0.899488091468811
v -0.972091555595398 9.460836410522461 0.885648250579834
v -0.9926245212554932 9.455519676208496 0.8625725507736206
v -1.011552691459656 9.439467430114746 0.8402952551841736
v -1.027906179428101 9.415647506713867 0.8202095627784729
v -1.042123198509216 9.38669490814209 0.8020686507225037
v -1.05445146560669 9.354937553405762 0.7857906818389893
v -1.065244793891907 9.321771621704102 0.7710954546928406
v -1.074704766273499 9.286581993103027 0.7578551173210144
v -1.082967758178711 9.244345664978027 0.7459997534751892
v -1.088119506835938 9.220715522766113 0.7384650111198425
v -1.088871240615845 9.219610214233398 0.7373561859130859
v -1.089237332344055 9.219368934631348 0.7368153929710388
v -1.089597344398499 9.219325065612793 0.7362828850746155
v -1.090301394462585 9.219798088073731 0.7352398037910461
v -1.090987324714661 9.220967292785645 0.7342215776443481
v 1.154308795928955 9.347362518310547 -0.6300047636032105
v 1.170673966407776 9.369687080383301 -0.5990054607391357
v 1.188351273536682 9.381096839904785 -0.563166081905365
v 1.199249148368835 9.377503395080566 -0.5395949482917786
v 1.208733439445496 9.366106033325195 -0.5179750919342041
v 1.224239349365234 9.343305587768555 -0.4801801145076752
v 1.23221218585968 9.341776847839356 -0.459322988986969
v 1.239612698554993 9.347428321838379 -0.4389706552028656
v 1.254122138023377 9.37236213684082 -0.3956165015697479
v 1.276881217956543 9.415078163146973 -0.3144981265068054
v 1.281548023223877 9.41219425201416 -0.2948567271232605
v 1.285705208778381 9.403079986572266 -0.2761302292346954
v 1.292224407196045 9.378318786621094 -0.2439075708389282
v 1.301368355751038 9.341789245605469 -0.1890594214200974
v 1.304295182228088 9.338131904602051 -0.1677762269973755
v 1.309285879135132 9.354609489440918 -0.1221901103854179
v 1.312446475028992 9.382815361022949 -0.08257768303155899
v 1.314822196960449 9.420454025268555 -0.02225386723876
v 1.315041780471802 9.424764633178711 -1.851171532507578e-06
v 1.315041780471802 9.424764633178711 8.301836090488402e-18
v 1.315041780471802 9.424764633178711 8.301836090488402e-18
v 1.314822316169739 9.420454025268555 0.02225146628916264
v 1.314240217208862 9.409773826599121 0.04434216767549515
v 1.312446713447571 9.382815361022949 0.08257398754358292
v 1.309286236763001 9.354609489440918 0.1221864297986031
v 1.304295659065247 9.338131904602051 0.167772576212883
v 1.301368832588196 9.341789245605469 0.1890557855367661
v 1.298266172409058 9.351761817932129 0.2092507630586624
v 1.292225122451782 9.378318786621094 0.2439039796590805
v 1.281548857688904 9.41219425201416 0.2948532104492188
v 1.27688205242157 9.415078163146973 0.3144946396350861
v 1.254123210906982 9.372363090515137 0.3956131339073181
v 1.239613890647888 9.347428321838379 0.4389673471450806
v 1.232213377952576 9.341776847839356 0.4593197107315064
v 1.22424054145813 9.343305587768555 0.4801768958568573
v 1.208734750747681 9.366106986999512 0.5179719924926758
v 1.19925057888031 9.377504348754883 0.5395918488502502
v 1.188352704048157 9.381096839904785 0.5631630420684815
v 1.17067551612854 9.369687080383301 0.5990025401115418
v 1.154310345649719 9.347363471984863 0.6300019025802612
v -1.154310345649719 9.347363471984863 0.6300019025802612
v -1.17067551612854 9.369687080383301 0.5990025401115418
v -1.188352704048157 9.381096839904785 0.5631630420684815
v -1.19925057888031 9.377504348754883 0.5395918488502502
v -1.208734750747681 9.366106986999512 0.5179719924926758
v -1.22424054145813 9.343305587768555 0.4801768958568573
v -1.232213377952576 9.341776847839356 0.4593197107315064
v -1.239613890647888 9.347428321838379 0.4389673471450806
v -1.254123210906982 9.372363090515137 0.3956131339073181
v -1.27688205242157 9.415078163146973 0.3144946396350861
v -1.281548857688904 9.41219425201416 0.2948532104492188
v -1.292225122451782 9.378318786621094 0.2439039796590805
v -1.298266172409058 9.351761817932129 0.2092507630586624
v -1.301368832588196 9.341789245605469 0.1890557855367661
v -1.304295659065247 9.338131904602051 0.167772576212883
v -1.309286236763001 9.354609489440918 0.1221864297986031
v -1.312446713447571 9.382815361022949 0.08257398754358292
v -1.314240217208862 9.409774780273438 0.04434125497937203
v -1.314822316169739 9.420454025268555 0.02225004509091377
v -1.315041780471802 9.424764633178711 -1.851171532507578e-06
v -1.314822196960449 9.420454025268555 -0.02225386723876
v -1.312446475028992 9.382815361022949 -0.08257768303155899
v -1.309285879135132 9.354609489440918 -0.1221901103854179
v -1.304295182228088 9.338131904602051 -0.1677762269973755
v -1.301368355751038 9.341789245605469 -0.1890594214200974
v -1.292224407196045 9.378318786621094 -0.2439075708389282
v -1.285705208778381 9.403079986572266 -0.2761302292346954
v -1.281548023223877 9.41219425201416 -0.2948567271232605
v -1.276881217956543 9.415078163146973 -0.3144981265068054
v -1.254122138023377 9.37236213684082 -0.3956165015697479
v -1.239612698554993 9.347428321838379 -0.4389706552028656
v -1.23221218585968 9.341776847839356 -0.459322988986969
v -1.224239349365234 9.343305587768555 -0.4801801145076752
v -1.208733439445496 9.366106033325195 -0.5179750919342041
v -1.199249148368835 9.377503395080566 -0.5395949482917786
v -1.188351273536682 9.381096839904785 -0.563166081905365
v -1.170673966407776 9.369687080383301 -0.5990054607391357
v -1.154308795928955 9.347362518310547 -0.6300047636032105
v 2.5 11.74737453460693 1.540781915464236e-16
v 2.5 11.74737453460693 1.540781915464236e-16
v 2.073686361312866 9.337990760803223 -1.396361231803894
v 2.07235050201416 9.335749626159668 -1.398342967033386
v 2.071677446365356 9.33515739440918 -1.399340033531189
v 2.070999622344971 9.334925651550293 -1.400343060493469
v 2.070316076278687 9.335062026977539 -1.401353478431702
v 2.069625616073608 9.335572242736816 -1.40237283706665
v 2.068220853805542 9.337741851806641 -1.404443860054016
v 2.058360576629639 9.38348388671875 -1.418855786323547
v 2.042582273483276 9.463010787963867 -1.441477656364441
v 2.024536371231079 9.529562950134277 -1.466714978218079
v 2.003765344619751 9.593150138854981 -1.494966506958008
v 1.980361342430115 9.653226852416992 -1.525833964347839
v 1.953280329704285 9.708224296569824 -1.560351252555847
v 1.941089510917664 9.72816276550293 -1.575490832328796
v 1.921971797943115 9.753655433654785 -1.598757266998291
v 1.886200308799744 9.783860206604004 -1.640807271003723
v 1.847324728965759 9.793940544128418 -1.684455752372742
v 1.806897282600403 9.784721374511719 -1.727750658988953
v 1.767766952514648 9.763840675354004 -1.767766952514648
v 1.765417218208313 9.762392997741699 -1.770113468170166
v 1.734281182289124 9.743327140808106 -1.80063009262085
v 1.721306800842285 9.736337661743164 -1.813036918640137
v 1.671136260032654 9.72265625 -1.859382629394531
v 1.614226818084717 9.740537643432617 -1.908997535705566
v 1.55519449710846 9.787137985229492 -1.957388639450073
v 1.495414853096008 9.850988388061523 -2.003430604934692
v 1.464245796203613 9.886815071105957 -2.026322841644287
v 1.433698534965515 9.921520233154297 -2.048049926757813
v 1.365707516670227 9.990002632141113 -2.094001770019531
v 1.287378787994385 10.03937339782715 -2.143048286437988
v 1.202095985412598 10.04391193389893 -2.192023038864136
v 1.118367791175842 10.01197910308838 -2.235901117324829
v 1.085962057113648 9.994037628173828 -2.251818418502808
v 1.035970091819763 9.963374137878418 -2.275250673294067
v 0.9498076438903809 9.909154891967773 -2.312545299530029
v 0.8558080196380615 9.860193252563477 -2.348955631256104
v 0.7484850287437439 9.832991600036621 -2.385324001312256
v 0.6314252018928528 9.853015899658203 -2.418946504592896
v 0.5184847116470337 9.912738800048828 -2.445643901824951
v 0.4112380743026733 9.988232612609863 -2.465944766998291
v 0.3374272584915161 10.04303073883057 -2.477123975753784
v 0.3031196892261505 10.0678243637085 -2.481555700302124
v 0.1900811046361923 10.14024162292481 -2.49276328086853
v 0.06625634431838989 10.19013690948486 -2.499121904373169
v 1.537356196588185e-16 10.19725322723389 -2.5
v -0.0657651498913765 10.19025039672852 -2.49913477897644
v -0.1897285431623459 10.14043521881104 -2.492790222167969
v -0.3022268116474152 10.06845855712891 -2.481664657592773
v -0.337427169084549 10.04301261901856 -2.477123975753784
v -0.4103655517101288 9.988880157470703 -2.466089963912964
v -0.5188884735107422 9.912478446960449 -2.445558071136475
v -0.6310262680053711 9.853169441223145 -2.419050693511963
v -0.7479879856109619 9.83296012878418 -2.385479927062988
v -0.8554485440254211 9.860042572021484 -2.34908652305603
v -0.9500119686126709 9.90927791595459 -2.312461376190186
v -1.035852193832398 9.963298797607422 -2.275304317474365
v -1.085962057113648 9.994051933288574 -2.251818418502808
v -1.118148565292358 10.01186561584473 -2.236010789871216
v -1.201805830001831 10.04385185241699 -2.192182302474976
v -1.286741971969605 10.03960037231445 -2.143430709838867
v -1.365515828132629 9.990169525146484 -2.094126701354981
v -1.433466076850891 9.921778678894043 -2.048212766647339
v -1.464245796203613 9.886805534362793 -2.026322841644287
v -1.495407700538635 9.850996017456055 -2.003436088562012
v -1.554987549781799 9.787337303161621 -1.957553029060364
v -1.613840579986572 9.740762710571289 -1.909324049949646
v -1.67088782787323 9.722661018371582 -1.85960578918457
v -1.721178889274597 9.736272811889648 -1.813158392906189
v -1.734281182289124 9.74332332611084 -1.80063009262085
v -1.765193343162537 9.76225471496582 -1.770336866378784
v -1.767766952514648 9.76384162902832 -1.767766952514648
v -1.806695699691773 9.784636497497559 -1.727961421012878
v -1.847159862518311 9.793939590454102 -1.68463659286499
v -1.886223077774048 9.783847808837891 -1.640781044960022
v -1.922240376472473 9.75334358215332 -1.598434209823608
v -1.941089510917664 9.728184700012207 -1.575490951538086
v -1.953368782997131 9.70806884765625 -1.560240507125855
v -1.980443477630615 9.653036117553711 -1.525727272033691
v -2.003936052322388 9.592667579650879 -1.49473762512207
v -2.024518489837647 9.529621124267578 -1.466739416122437
v -2.042582750320435 9.463017463684082 -1.441476941108704
v -2.05840539932251 9.383357048034668 -1.418790578842163
v -2.068238973617554 9.337732315063477 -1.404417037963867
v -2.069640636444092 9.335570335388184 -1.402350902557373
v -2.070328950881958 9.335064888000488 -1.401334404945374
v -2.07101035118103 9.334931373596191 -1.400327205657959
v -2.071685791015625 9.335165023803711 -1.399327635765076
v -2.072356462478638 9.335757255554199 -1.398334383964539
v -2.073686361312866 9.337990760803223 -1.396361351013184
v -2.073687553405762 9.337990760803223 1.39635956287384
v -2.072357177734375 9.335757255554199 1.398333072662354
v -2.071686744689941 9.335165023803711 1.39932644367218
v -2.071011066436768 9.334931373596191 1.400326132774353
v -2.070329666137695 9.335064888000488 1.401333451271057
v -2.06964111328125 9.335570335388184 1.402349948883057
v -2.068239688873291 9.337732315063477 1.40441632270813
v -2.058406114578247 9.383357048034668 1.418789744377136
v -2.042583227157593 9.463017463684082 1.441476106643677
v -2.024519205093384 9.529621124267578 1.46673858165741
v -2.003936529159546 9.592667579650879 1.494736909866333
v -1.980444073677063 9.653036117553711 1.525726556777954
v -1.953369379043579 9.708069801330566 1.560239791870117
v -1.94109046459198 9.728184700012207 1.57548975944519
v -1.922240853309631 9.753344535827637 1.598433613777161
v -1.886223673820496 9.783847808837891 1.640780448913574
v -1.847160339355469 9.793939590454102 1.684635996818543
v -1.80669629573822 9.784637451171875 1.727960824966431
v -1.767766952514648 9.76384162902832 1.767766952514648
v -1.765193939208984 9.76225471496582 1.770336270332336
v -1.734282374382019 9.743324279785156 1.800628900527954
v -1.721179485321045 9.736273765563965 1.813157796859741
v -1.670888423919678 9.722661018371582 1.859605312347412
v -1.61384117603302 9.740762710571289 1.909323573112488
v -1.554988026618958 9.787337303161621 1.957552552223206
v -1.495408177375794 9.850996971130371 2.003435611724854
v -1.464247465133667 9.886804580688477 2.026321649551392
v -1.433466553688049 9.921778678894043 2.048212289810181
v -1.365516304969788 9.990169525146484 2.094126462936401
v -1.286742448806763 10.03960132598877 2.143430471420288
v -1.201806306838989 10.04385185241699 2.192182064056397
v -1.118149042129517 10.01186561584473 2.236010551452637
v -1.085964322090149 9.994053840637207 2.251817464828491
v -1.035852551460266 9.963299751281738 2.275304317474365
v -0.9500123858451843 9.90927791595459 2.312461137771606
v -0.8554489016532898 9.860043525695801 2.34908652305603
v -0.7479883432388306 9.83296012878418 2.385479688644409
v -0.631026566028595 9.853169441223145 2.419050455093384
v -0.5188887119293213 9.912479400634766 2.445558071136475
v -0.4103657305240631 9.988880157470703 2.466089963912964
v -0.3374354541301727 10.04300689697266 2.477122783660889
v -0.3022269606590271 10.06845855712891 2.481664419174194
v -0.1897286325693131 10.14043617248535 2.492790222167969
v -0.06576517224311829 10.19025039672852 2.49913477897644
v -4.616405266105598e-16 10.1972541809082 2.5
v 0.06625637412071228 10.19013690948486 2.499121904373169
v 0.1900811940431595 10.14024162292481 2.49276328086853
v 0.3031198382377625 10.0678243637085 2.481555700302124
v 0.3374355435371399 10.04302501678467 2.477122783660889
v 0.4112382531166077 9.98823356628418 2.465944766998291
v 0.5184849500656128 9.912738800048828 2.445643663406372
v 0.6314254999160767 9.853015899658203 2.418946504592896
v 0.7484853863716126 9.832991600036621 2.385323762893677
v 0.8558083772659302 9.860193252563477 2.348955631256104
v 0.9498080611228943 9.909154891967773 2.31254506111145
v 1.035970449447632 9.963374137878418 2.275250673294067
v 1.085964322090149 9.994038581848145 2.251817464828491
v 1.118368268013001 10.01197910308838 2.23590087890625
v 1.202096462249756 10.04391288757324 2.192022800445557
v 1.287379264831543 10.03937339782715 2.143048048019409
v 1.365707993507385 9.99000358581543 2.094001293182373
v 1.433699131011963 9.921520233154297 2.048049449920654
v 1.464247345924377 9.886814117431641 2.026321649551392
v 1.495415449142456 9.850988388061523 2.003430128097534
v 1.555195093154907 9.787137985229492 1.957388162612915
v 1.614227414131165 9.740537643432617 1.908997058868408
v 1.671136856079102 9.722657203674316 1.859382152557373
v 1.721307396888733 9.736338615417481 1.813036322593689
v 1.734282374382019 9.743328094482422 1.800628900527954
v 1.765417814254761 9.762392997741699 1.770112991333008
v 1.767766952514648 9.763840675354004 1.767766952514648
v 1.806897878646851 9.784721374511719 1.727750062942505
v 1.847325325012207 9.793941497802734 1.684455156326294
v 1.886200785636902 9.783860206604004 1.640806674957275
v 1.921972274780273 9.753655433654785 1.598756551742554
v 1.94109046459198 9.72816276550293 1.575489640235901
v 1.953280806541443 9.708224296569824 1.56035053730011
v 1.980361819267273 9.653226852416992 1.525833249092102
v 2.003765821456909 9.593150138854981 1.494965672492981
v 2.024536848068237 9.529562950134277 1.466714143753052
v 2.042582750320435 9.463010787963867 1.441476941108704
v 2.058361053466797 9.38348388671875 1.418854951858521
v 2.0682213306427 9.337741851806641 1.404443025588989
v 2.069626331329346 9.335572242736816 1.402372002601624
v 2.070316791534424 9.335062026977539 1.401352524757385
v 2.071000337600708 9.334925651550293 1.400341987609863
v 2.071678400039673 9.33515739440918 1.399338841438294
v 2.072351455688477 9.335749626159668 1.398341655731201
v 2.073687553405762 9.337990760803223 1.39635956287384
v 2.5 9.725653648376465 2.21579997427295e-17
v 2.499582052230835 9.717456817626953 -0.04234354570508003
v 2.498473405838013 9.6971435546875 -0.08437976986169815
v 2.495056629180908 9.645857810974121 -0.1571363806724548
v 2.489037990570068 9.592205047607422 -0.2325047552585602
v 2.479534149169922 9.560861587524414 -0.319234162569046
v 2.473959922790527 9.567815780639648 -0.359731912612915
v 2.468050003051758 9.586779594421387 -0.3981626629829407
v 2.456541538238525 9.637288093566895 -0.4641166031360626
v 2.436203002929688 9.701711654663086 -0.5610795617103577
v 2.427314519882202 9.707192420959473 -0.5984519720077515
v 2.405726671218872 9.674983978271484 -0.6800582408905029
v 2.383981704711914 9.625931739807129 -0.7527492642402649
v 2.356364727020264 9.578500747680664 -0.8351919054985046
v 2.342276096343994 9.567748069763184 -0.8739023804664612
v 2.327097654342651 9.570651054382324 -0.9135735034942627
v 2.297563552856445 9.614001274108887 -0.985495924949646
v 2.279501438140869 9.63566780090332 -1.02662980556488
v 2.258750915527344 9.64249324798584 -1.071468472480774
v 2.225112199783325 9.620790481567383 -1.139603853225708
v 2.193975210189819 9.578324317932129 -1.198529481887817
v 2.13257646560669 9.464500427246094 -1.304387331008911
v 2.132577896118164 9.464500427246094 1.30438494682312
v 2.193976640701294 9.578325271606445 1.198526620864868
v 2.2251136302948 9.620790481567383 1.139600992202759
v 2.258752346038818 9.642494201660156 1.071465492248535
v 2.279502868652344 9.63566780090332 1.026626825332642
v 2.297564744949341 9.614001274108887 0.9854928255081177
v 2.327098846435547 9.570651054382324 0.9135702848434448
v 2.34227728843689 9.567748069763184 0.8738991618156433
v 2.356365919113159 9.578500747680664 0.835188627243042
v 2.383982658386231 9.625931739807129 0.7527459263801575
v 2.405727624893189 9.674984931945801 0.6800548434257507
v 2.42731523513794 9.707192420959473 0.5984485149383545
v 2.436203718185425 9.701711654663086 0.5610761046409607
v 2.444122314453125 9.684381484985352 0.5254405736923218
v 2.456542015075684 9.637289047241211 0.4641130566596985
v 2.473960399627686 9.567815780639648 0.3597283363342285
v 2.47953462600708 9.560861587524414 0.3192305564880371
v 2.489038228988648 9.592205047607422 0.2325011193752289
v 2.495056867599487 9.645857810974121 0.1571327298879623
v 2.499582052230835 9.717455863952637 0.04234256222844124
v 2.5 9.725653648376465 2.21579997427295e-17
v -2.13257646560669 9.464500427246094 -1.304387331008911
v -2.193975210189819 9.578324317932129 -1.198529481887817
v -2.225112199783325 9.620790481567383 -1.139603853225708
v -2.258750915527344 9.64249324798584 -1.071468472480774
v -2.279501438140869 9.63566780090332 -1.02662980556488
v -2.297563552856445 9.614001274108887 -0.985495924949646
v -2.327097654342651 9.570651054382324 -0.9135735034942627
v -2.342276096343994 9.567748069763184 -0.8739023804664612
v -2.356364727020264 9.578500747680664 -0.8351919054985046
v -2.383981704711914 9.625931739807129 -0.7527492642402649
v -2.405726671218872 9.674983978271484 -0.6800582408905029
v -2.427314519882202 9.707192420959473 -0.5984519720077515
v -2.436203002929688 9.701711654663086 -0.5610795617103577
v -2.456541538238525 9.637288093566895 -0.4641166031360626
v -2.468050003051758 9.586779594421387 -0.3981626629829407
v -2.473959922790527 9.567815780639648 -0.359731912612915
v -2.479534149169922 9.560861587524414 -0.319234162569046
v -2.489037990570068 9.592205047607422 -0.2325047552585602
v -2.495056629180908 9.645857810974121 -0.1571363806724548
v -2.498473405838013 9.6971435546875 -0.08437975496053696
v -2.499582052230835 9.717456817626953 -0.04234353080391884
v -2.5 9.725653648376465 -2.964186504960504e-16
v -2.499582052230835 9.717455863952637 0.04234256222844124
v -2.495056867599487 9.645857810974121 0.1571327298879623
v -2.489038228988648 9.592205047607422 0.2325011193752289
v -2.47953462600708 9.560861587524414 0.3192305564880371
v -2.473960399627686 9.567815780639648 0.3597283363342285
v -2.456542015075684 9.637289047241211 0.4641130566596985
v -2.444122314453125 9.684381484985352 0.5254405736923218
v -2.436203718185425 9.701711654663086 0.5610761046409607
v -2.42731523513794 9.707192420959473 0.5984485149383545
v -2.405727624893189 9.674984931945801 0.6800548434257507
v -2.383982658386231 9.625931739807129 0.7527459263801575
v -2.356365919113159 9.578500747680664 0.835188627243042
v -2.34227728843689 9.567748069763184 0.8738991618156433
v -2.327098846435547 9.570651054382324 0.9135702848434448
v -2.297564744949341 9.614001274108887 0.9854928255081177
v -2.279502868652344 9.63566780090332 1.026626825332642
v -2.258752346038818 9.642494201660156 1.071465492248535
v -2.2251136302948 9.620790481567383 1.139600992202759
v -2.193976640701294 9.578325271606445 1.198526620864868
v -2.132577896118164 9.464500427246094 1.30438494682312
v 2.493330717086792 11.74737453460693 0.1824882924556732
v 2.473358392715454 11.74737453460693 0.364002913236618
v 2.440189599990845 11.74737453460693 0.5435754656791687
v 2.394001483917236 11.74737453460693 0.720247745513916
v 2.335040330886841 11.74737453460693 0.8930772542953491
v 2.263620615005493 11.74737453460693 1.061141729354858
v 2.180123567581177 11.74737453460693 1.223544597625732
v 2.084994554519653 11.74737453460693 1.379419326782227
v 1.97874116897583 11.74737453460693 1.527934312820435
v 1.8619304895401 11.74737453460693 1.668297052383423
v 1.735185503959656 11.74737453460693 1.799758672714233
v 1.599182605743408 11.74737453460693 1.921617865562439
v 1.454647302627564 11.74737453460693 2.03322434425354
v 1.302350878715515 11.74737453460693 2.133982658386231
v 1.143105864524841 11.74737453460693 2.223355293273926
v 0.9777618050575256 11.74737453460693 2.300865411758423
v 0.8072010278701782 11.74737453460693 2.366099357604981
v 0.6323334574699402 11.74737453460693 2.41870927810669
v 0.4540921151638031 11.74737453460693 2.458414077758789
v 0.2734280228614807 11.74737453460693 2.485002517700195
v 0.09130505472421646 11.74737453460693 2.498332023620606
v -0.09130505472421646 11.74737453460693 2.498332023620606
v -0.2734280228614807 11.74737453460693 2.485002517700195
v -0.4540921151638031 11.74737453460693 2.458414077758789
v -0.6323334574699402 11.74737453460693 2.41870927810669
v -0.8072010278701782 11.74737453460693 2.366099357604981
v -0.9777618050575256 11.74737453460693 2.300865411758423
v -1.143105864524841 11.74737453460693 2.223355293273926
v -1.302350878715515 11.74737453460693 2.133982658386231
v -1.454647302627564 11.74737453460693 2.03322434425354
v -1.599182605743408 11.74737453460693 1.921617865562439
v -1.735185503959656 11.74737453460693 1.799758672714233
v -1.8619304895401 11.74737453460693 1.668297052383423
v -1.97874116897583 11.74737453460693 1.527934312820435
v -2.084994554519653 11.74737453460693 1.379419326782227
v -2.180123567581177 11.74737453460693 1.223544597625732
v -2.263620615005493 11.74737453460693 1.061141729354858
v -2.335040330886841 11.74737453460693 0.8930772542953491
v -2.394001483917236 11.74737453460693 0.720247745513916
v -2.440189599990845 11.74737453460693 0.5435754656791687
v -2.473358392715454 11.74737453460693 0.364002913236618
v -2.493330717086792 11.74737453460693 0.1824882924556732
v -2.5 11.74737453460693 0
v -2.493330717086792 11.74737453460693 -0.1824882924556732
v -2.473358392715454 11.74737453460693 -0.364002913236618
v -2.440189599990845 11.74737453460693 -0.5435754656791687
v -2.394001483917236 11.74737453460693 -0.720247745513916
v -2.335040330886841 11.74737453460693 -0.8930772542953491
v -2.263620615005493 11.74737453460693 -1.061141729354858
v -2.180123567581177 11.74737453460693 -1.223544597625732
v -2.084994554519653 11.74737453460693 -1.379419326782227
v -1.97874116897583 11.74737453460693 -1.527934312820435
v -1.8619304895401 11.74737453460693 -1.668297052383423
v -1.735185503959656 11.74737453460693 -1.799758672714233
v -1.599182605743408 11.74737453460693 -1.921617865562439
v -1.454647302627564 11.74737453460693 -2.03322434425354
v -1.302350878715515 11.74737453460693 -2.133982658386231
v -1.143105864524841 11.74737453460693 -2.223355293273926
v -0.9777618050575256 11.74737453460693 -2.300865411758423
v -0.8072010278701782 11.74737453460693 -2.366099357604981
v -0.6323334574699402 11.74737453460693 -2.41870927810669
v -0.4540921151638031 11.74737453460693 -2.458414077758789
v -0.2734280228614807 11.74737453460693 -2.485002517700195
v -0.09130505472421646 11.74737453460693 -2.498332023620606
v 0.09130505472421646 11.74737453460693 -2.498332023620606
v 0.2734280228614807 11.74737453460693 -2.485002517700195
v 0.4540921151638031 11.74737453460693 -2.458414077758789
v 0.6323334574699402 11.74737453460693 -2.41870927810669
v 0.8072010278701782 11.74737453460693 -2.366099357604981
v 0.9777618050575256 11.74737453460693 -2.300865411758423
v 1.143105864524841 11.74737453460693 -2.223355293273926
v 1.302350878715515 11.74737453460693 -2.133982658386231
v 1.454647302627564 11.74737453460693 -2.03322434425354
v 1.599182605743408 11.74737453460693 -1.921617865562439
v 1.735185503959656 11.74737453460693 -1.799758672714233
v 1.8619304895401 11.74737453460693 -1.668297052383423
v 1.97874116897583 11.74737453460693 -1.527934312820435
v 2.084994554519653 11.74737453460693 -1.379419326782227
v 2.180123567581177 11.74737453460693 -1.223544597625732
v 2.263620615005493 11.74737453460693 -1.061141729354858
v 2.335040330886841 11.74737453460693 -0.8930772542953491
v 2.394001483917236 11.74737453460693 -0.720247745513916
v 2.440189599990845 11.74737453460693 -0.5435754656791687
v 2.473358392715454 11.74737453460693 -0.364002913236618
v 2.493330717086792 11.74737453460693 -0.1824882924556732
v 2.299999952316284 11.94737434387207 6.515369489346198e-16
v 2.099999904632568 11.94737434387207 0
v 1.899999976158142 11.94737434387207 0
v 2.299999952316284 11.94737434387207 6.515369489346198e-16
v 2.099999904632568 11.94737434387207 0
v 1.899999976158142 11.94737434387207 0
v 1.892565011978149 11.94737434387207 0.1679221987724304
v 1.870318055152893 11.94737434387207 0.3345301747322083
v 1.833433389663696 11.94737434387207 0.4985200166702271
v 1.782199501991272 11.94737434387207 0.6586082577705383
v 1.717017650604248 11.94737434387207 0.8135419487953186
v 1.638397693634033 11.94737434387207 0.9621086120605469
v 1.546955108642578 11.94737434387207 1.103145480155945
v 1.443405508995056 11.94737434387207 1.235548734664917
v 1.328559279441834 11.94737434387207 1.358282089233398
v 1.203315258026123 11.94737434387207 1.470385193824768
v 1.068653702735901 11.94737434387207 1.570980429649353
v 0.9256284236907959 11.94737434387207 1.65928053855896
v 0.7753588557243347 11.94737434387207 1.734594702720642
v 0.6190211176872253 11.94737434387207 1.796333193778992
v 0.4578386247158051 11.94737434387207 1.844012975692749
v 0.2930729687213898 11.94737434387207 1.877260804176331
v 0.1260136216878891 11.94737434387207 1.895816564559937
v -0.04203196614980698 11.94737434387207 1.899535059928894
v -0.2097485959529877 11.94737434387207 1.888386964797974
v -0.3758236467838287 11.94737434387207 1.862459778785706
v -0.5389573574066162 11.94737434387207 1.821956396102905
v -0.697873055934906 11.94737434387207 1.767193555831909
v -0.8513268828392029 11.94737434387207 1.698600172996521
v -0.998117983341217 11.94737434387207 1.616712927818298
v -1.137097358703613 11.94737434387207 1.522172570228577
v -1.26717746257782 11.94737434387207 1.415719270706177
v -1.387340188026428 11.94737434387207 1.29818606376648
v -1.496645092964172 11.94737434387207 1.170492768287659
v -1.594236731529236 11.94737434387207 1.033638715744019
v -1.679351329803467 11.94737434387207 0.8886951208114624
v -1.751322746276856 11.94737434387207 0.7367962598800659
v -1.809587597846985 11.94737434387207 0.5791309475898743
v -1.853690028190613 11.94737434387207 0.4169331789016724
v -1.8832848072052 11.94737434387207 0.2514723241329193
v -1.89814031124115 11.94737434387207 0.08404336124658585
v -1.89814031124115 11.94737434387207 -0.08404336124658585
v -1.8832848072052 11.94737434387207 -0.2514723241329193
v -1.853690028190613 11.94737434387207 -0.4169331789016724
v -1.809587597846985 11.94737434387207 -0.5791309475898743
v -1.751322746276856 11.94737434387207 -0.7367962598800659
v -1.679351329803467 11.94737434387207 -0.8886951208114624
v -1.594236731529236 11.94737434387207 -1.033638715744019
v -1.496645092964172 11.94737434387207 -1.170492768287659
v -1.387340188026428 11.94737434387207 -1.29818606376648
v -1.26717746257782 11.94737434387207 -1.415719270706177
v -1.137097358703613 11.94737434387207 -1.522172570228577
v -0.998117983341217 11.94737434387207 -1.616712927818298
v -0.8513268828392029 11.94737434387207 -1.698600172996521
v -0.697873055934906 11.94737434387207 -1.767193555831909
v -0.5389573574066162 11.94737434387207 -1.821956396102905
v -0.3758236467838287 11.94737434387207 -1.862459778785706
v -0.2097485959529877 11.94737434387207 -1.888386964797974
v -0.04203196614980698 11.94737434387207 -1.899535059928894
v 0.1260136216878891 11.94737434387207 -1.895816564559937
v 0.2930729687213898 11.94737434387207 -1.877260804176331
v 0.4578386247158051 11.94737434387207 -1.844012975692749
v 0.6190211176872253 11.94737434387207 -1.796333193778992
v 0.7753588557243347 11.94737434387207 -1.734594702720642
v 0.9256284236907959 11.94737434387207 -1.65928053855896
v 1.068653702735901 11.94737434387207 -1.570980429649353
v 1.203315258026123 11.94737434387207 -1.470385193824768
v 1.328559279441834 11.94737434387207 -1.358282089233398
v 1.443405508995056 11.94737434387207 -1.235548734664917
v 1.546955108642578 11.94737434387207 -1.103145480155945
v 1.638397693634033 11.94737434387207 -0.9621086120605469
v 1.717017650604248 11.94737434387207 -0.8135419487953186
v 1.782199501991272 11.94737434387207 -0.6586082577705383
v 1.833433389663696 11.94737434387207 -0.4985200166702271
v 1.870318055152893 11.94737434387207 -0.3345301747322083
v 1.892565011978149 11.94737434387207 -0.1679221987724304
v 2.293864250183106 11.94737434387207 -0.1678892225027084
v 2.275489807128906 11.94737434387207 -0.3348826766014099
v 2.244974613189697 11.94737434387207 -0.5000894069671631
v 2.202481269836426 11.94737434387207 -0.6626279354095459
v 2.148236989974976 11.94737434387207 -0.8216310739517212
v 2.082530975341797 11.94737434387207 -0.9762504100799561
v 2.005713701248169 11.94737434387207 -1.125661015510559
v 1.918195009231567 11.94737434387207 -1.269065856933594
v 1.820441961288452 11.94737434387207 -1.405699491500855
v 1.712975978851318 11.94737434387207 -1.534833312034607
v 1.596370697021484 11.94737434387207 -1.655777931213379
v 1.471247911453247 11.94737434387207 -1.767888426780701
v 1.33827555179596 11.94737434387207 -1.870566368103027
v 1.198162794113159 11.94737434387207 -1.963264107704163
v 1.051657319068909 11.94737434387207 -2.045486927032471
v 0.8995408415794373 11.94737434387207 -2.116796255111694
v 0.7426249384880066 11.94737434387207 -2.176811456680298
v 0.5817467570304871 11.94737434387207 -2.225212574005127
v 0.4177647531032562 11.94737434387207 -2.261741161346436
v 0.2515537738800049 11.94737434387207 -2.286202192306519
v 0.08400065451860428 11.94737434387207 -2.298465490341187
v -0.08400065451860428 11.94737434387207 -2.298465490341187
v -0.2515537738800049 11.94737434387207 -2.286202192306519
v -0.4177647531032562 11.94737434387207 -2.261741161346436
v -0.5817467570304871 11.94737434387207 -2.225212574005127
v -0.7426249384880066 11.94737434387207 -2.176811456680298
v -0.8995408415794373 11.94737434387207 -2.116796255111694
v -1.051657319068909 11.94737434387207 -2.045486927032471
v -1.198162794113159 11.94737434387207 -1.963264107704163
v -1.33827555179596 11.94737434387207 -1.870566368103027
v -1.471247911453247 11.94737434387207 -1.767888426780701
v -1.596370697021484 11.94737434387207 -1.655777931213379
v -1.712975978851318 11.94737434387207 -1.534833312034607
v -1.820441961288452 11.94737434387207 -1.405699491500855
v -1.918195009231567 11.94737434387207 -1.269065856933594
v -2.005713701248169 11.94737434387207 -1.125661015510559
v -2.082530975341797 11.94737434387207 -0.9762504100799561
v -2.148236989974976 11.94737434387207 -0.8216310739517212
v -2.202481269836426 11.94737434387207 -0.6626279354095459
v -2.244974613189697 11.94737434387207 -0.5000894069671631
v -2.275489807128906 11.94737434387207 -0.3348826766014099
v -2.293864250183106 11.94737434387207 -0.1678892225027084
v -2.299999952316284 11.94737434387207 0
v -2.293864250183106 11.94737434387207 0.1678892225027084
v -2.275489807128906 11.94737434387207 0.3348826766014099
v -2.244974613189697 11.94737434387207 0.5000894069671631
v -2.202481269836426 11.94737434387207 0.6626279354095459
v -2.148236989974976 11.94737434387207 0.8216310739517212
v -2.082530975341797 11.94737434387207 0.9762504100799561
v -2.005713701248169 11.94737434387207 1.125661015510559
v -1.918195009231567 11.94737434387207 1.269065856933594
v -1.820441961288452 11.94737434387207 1.405699491500855
v -1.712975978851318 11.94737434387207 1.534833312034607
v -1.596370697021484 11.94737434387207 1.655777931213379
v -1.471247911453247 11.94737434387207 1.767888426780701
v -1.33827555179596 11.94737434387207 1.870566368103027
v -1.198162794113159 11.94737434387207 1.963264107704163
v -1.051657319068909 11.94737434387207 2.045486927032471
v -0.8995408415794373 11.94737434387207 2.116796255111694
v -0.7426249384880066 11.94737434387207 2.176811456680298
v -0.5817467570304871 11.94737434387207 2.225212574005127
v -0.4177647531032562 11.94737434387207 2.261741161346436
v -0.2515537738800049 11.94737434387207 2.286202192306519
v -0.08400065451860428 11.94737434387207 2.298465490341187
v 0.08400065451860428 11.94737434387207 2.298465490341187
v 0.2515537738800049 11.94737434387207 2.286202192306519
v 0.4177647531032562 11.94737434387207 2.261741161346436
v 0.5817467570304871 11.94737434387207 2.225212574005127
v 0.7426249384880066 11.94737434387207 2.176811456680298
v 0.8995408415794373 11.94737434387207 2.116796255111694
v 1.051657319068909 11.94737434387207 2.045486927032471
v 1.198162794113159 11.94737434387207 1.963264107704163
v 1.33827555179596 11.94737434387207 1.870566368103027
v 1.471247911453247 11.94737434387207 1.767888426780701
v 1.596370697021484 11.94737434387207 1.655777931213379
v 1.712975978851318 11.94737434387207 1.534833312034607
v 1.820441961288452 11.94737434387207 1.405699491500855
v 1.918195009231567 11.94737434387207 1.269065856933594
v 2.005713701248169 11.94737434387207 1.125661015510559
v 2.082530975341797 11.94737434387207 0.9762504100799561
v 2.148236989974976 11.94737434387207 0.8216310739517212
v 2.202481269836426 11.94737434387207 0.6626279354095459
v 2.244974613189697 11.94737434387207 0.5000894069671631
v 2.275489807128906 11.94737434387207 0.3348826766014099
v 2.293864250183106 11.94737434387207 0.1678892225027084
v 2.059648990631104 11.94737434387207 -0.4096896648406982
v 2.00957465171814 11.94737434387207 -0.6095978021621704
v 1.940147042274475 11.94737434387207 -0.8036351799964905
v 1.852034687995911 11.94737434387207 -0.9899331331253052
v 1.746086239814758 11.94737434387207 -1.166697502136231
v 1.623322010040283 11.94737434387207 -1.332225918769836
v 1.332225918769836 11.94737434387207 -1.623322010040283
v 1.48492419719696 11.94737434387207 -1.48492419719696
v 1.166697502136231 11.94737434387207 -1.746086239814758
v 0.9899331331253052 11.94737434387207 -1.852034687995911
v 0.8036351799964905 11.94737434387207 -1.940147042274475
v 0.6095978021621704 11.94737434387207 -2.00957465171814
v 0.4096896648406982 11.94737434387207 -2.059648990631104
v 1.285879129039977e-16 11.94737434387207 -2.099999904632568
v 0.2058359980583191 11.94737434387207 -2.089887857437134
v -0.2058359980583191 11.94737434387207 -2.089887857437134
v -0.4096896648406982 11.94737434387207 -2.059648990631104
v -0.6095978021621704 11.94737434387207 -2.00957465171814
v -0.9899331331253052 11.94737434387207 -1.852034687995911
v -0.8036351799964905 11.94737434387207 -1.940147042274475
v -1.166697502136231 11.94737434387207 -1.746086239814758
v -1.332225918769836 11.94737434387207 -1.623322010040283
v -1.48492419719696 11.94737434387207 -1.48492419719696
v -1.746086239814758 11.94737434387207 -1.166697502136231
v -1.623322010040283 11.94737434387207 -1.332225918769836
v -1.852034687995911 11.94737434387207 -0.9899331331253052
v -1.940147042274475 11.94737434387207 -0.8036351799964905
v -2.059648990631104 11.94737434387207 -0.4096896648406982
v -2.00957465171814 11.94737434387207 -0.6095978021621704
v -2.089887857437134 11.94737434387207 -0.2058359980583191
v -2.099999904632568 11.94737434387207 -2.571758258079955e-16
v -2.089887857437134 11.94737434387207 0.2058359980583191
v -2.059648990631104 11.94737434387207 0.4096896648406982
v -1.940147042274475 11.94737434387207 0.8036351799964905
v -2.00957465171814 11.94737434387207 0.6095978021621704
v -1.852034687995911 11.94737434387207 0.9899331331253052
v -1.623322010040283 11.94737434387207 1.332225918769836
v -1.746086239814758 11.94737434387207 1.166697502136231
v -1.332225918769836 11.94737434387207 1.623322010040283
v -1.48492419719696 11.94737434387207 1.48492419719696
v -1.166697502136231 11.94737434387207 1.746086239814758
v -0.8036351799964905 11.94737434387207 1.940147042274475
v -0.9899331331253052 11.94737434387207 1.852034687995911
v -0.6095978021621704 11.94737434387207 2.00957465171814
v -0.2058359980583191 11.94737434387207 2.089887857437134
v -0.4096896648406982 11.94737434387207 2.059648990631104
v -2.250938388318521e-15 11.94737434387207 2.099999904632568
v 0.4096896648406982 11.94737434387207 2.059648990631104
v 0.2058359980583191 11.94737434387207 2.089887857437134
v 0.8036351799964905 11.94737434387207 1.940147042274475
v 0.6095978021621704 11.94737434387207 2.00957465171814
v 0.9899331331253052 11.94737434387207 1.852034687995911
v 1.332225918769836 11.94737434387207 1.623322010040283
v 1.166697502136231 11.94737434387207 1.746086239814758
v 1.48492419719696 11.94737434387207 1.48492419719696
v 1.623322010040283 11.94737434387207 1.332225918769836
v 1.746086239814758 11.94737434387207 1.166697502136231
v 1.852034687995911 11.94737434387207 0.9899331331253052
v 1.940147042274475 11.94737434387207 0.8036351799964905
v 2.059648990631104 11.94737434387207 0.4096896648406982
v 2.00957465171814 11.94737434387207 0.6095978021621704
v 2.089887857437134 11.94737434387207 0.2058359980583191
v 2.299999952316284 11.94737434387207 6.515369489346198e-16
v 2.373618841171265 11.93333148956299 1.240375036805819e-15
v 2.441421270370483 11.88879585266113 1.021230460933949e-15
v 2.485957622528076 11.82099342346191 6.804158490569855e-16
v 2.5 11.74737453460693 1.540781915464236e-16
v 2.362194776535034 11.93333148956299 0.2326320558786392
v 2.429671049118042 11.88879585266113 0.239277184009552
v 2.473992824554443 11.82099342346191 0.2436420768499374
v 2.32797122001648 11.93333148956299 0.4630473852157593
v 2.394469738006592 11.88879585266113 0.4762743413448334
v 2.438149452209473 11.82099342346191 0.484962522983551
v 2.27141809463501 11.93333148956299 0.6890297532081604
v 2.33630108833313 11.88879585266113 0.7087118625640869
v 2.378919839859009 11.82099342346191 0.7216401696205139
v 2.193006038665772 11.93333148956299 0.9083627462387085
v 2.255649089813232 11.88879585266113 0.9343101382255554
v 2.296796560287476 11.82099342346191 0.9513537883758545
v 2.093334674835205 11.93333148956299 1.118886113166809
v 2.153130769729614 11.88879585266113 1.15084707736969
v 2.192408084869385 11.82099342346191 1.171840786933899
v 1.973522901535034 11.93333148956299 1.318663120269775
v 2.02989649772644 11.88879585266113 1.356330752372742
v 2.066925764083862 11.82099342346191 1.381072878837585
v 1.834818720817566 11.93333148956299 1.505813360214233
v 1.887230277061462 11.88879585266113 1.548826932907105
v 1.921657085418701 11.82099342346191 1.577080607414246
v 1.678470492362976 11.93333148956299 1.67845606803894
v 1.726415991783142 11.88879585266113 1.726401209831238
v 1.757909178733826 11.82099342346191 1.757894158363342
v 1.505832195281982 11.93333148956299 1.8348149061203
v 1.548846244812012 11.88879585266113 1.887226462364197
v 1.577100276947022 11.82099342346191 1.921653151512146
v 1.318681240081787 11.93333148956299 1.973530411720276
v 1.356349349021912 11.88879585266113 2.029904365539551
v 1.381091833114624 11.82099342346191 2.066933631896973
v 1.118900895118713 11.93333148956299 2.093347072601318
v 1.150862216949463 11.88879585266113 2.153143405914307
v 1.171856284141541 11.82099342346191 2.192420959472656
v 0.9083740711212158 11.93333148956299 2.193009614944458
v 0.9343217611312866 11.88879585266113 2.255652904510498
v 0.9513656497001648 11.82099342346191 2.296800374984741
v 0.6890394687652588 11.93333148956299 2.271398305892944
v 0.7087218761444092 11.88879585266113 2.336280822753906
v 0.7216503620147705 11.82099342346191 2.378899097442627
v 0.4630568027496338 11.93333148956299 2.32793664932251
v 0.4762840270996094 11.88879585266113 2.394434213638306
v 0.484972357749939 11.82099342346191 2.438113212585449
v 0.232641264796257 11.93333148956299 2.362183332443237
v 0.2392866611480713 11.88879585266113 2.429659128189087
v 0.2436517179012299 11.82099342346191 2.473980903625488
v 8.027855983527843e-06 11.93333148956299 2.373697519302368
v 8.257172339654062e-06 11.88879585266113 2.441502332687378
v 8.407799214182887e-06 11.82099342346191 2.486040115356445
v -0.2326273024082184 11.93333148956299 2.36218523979187
v -0.2392723113298416 11.88879585266113 2.42966103553772
v -0.2436370998620987 11.82099342346191 2.473982810974121
v -0.4630472362041473 11.93333148956299 2.327939987182617
v -0.4762741923332214 11.88879585266113 2.394437551498413
v -0.4849623739719391 11.82099342346191 2.438116788864136
v -0.6890338659286499 11.93333148956299 2.271402835845947
v -0.708716094493866 11.88879585266113 2.336285352706909
v -0.7216444611549377 11.82099342346191 2.378903865814209
v -0.9083691239356995 11.93333148956299 2.193014621734619
v -0.9343166947364807 11.88879585266113 2.255658149719238
v -0.9513604640960693 11.82099342346191 2.296805620193481
v -1.118891596794128 11.93333148956299 2.09335207939148
v -1.150852799415588 11.88879585266113 2.153148651123047
v -1.171846628189087 11.82099342346191 2.192426443099976
v -1.318665862083435 11.93333148956299 1.973535299301148
v -1.356333494186401 11.88879585266113 2.029909372329712
v -1.381075739860535 11.82099342346191 2.066938877105713
v -1.505812644958496 11.93333148956299 1.834820032119751
v -1.548826217651367 11.88879585266113 1.887231707572937
v -1.577079892158508 11.82099342346191 1.921658515930176
v -1.678453087806702 11.93333148956299 1.678462505340576
v -1.72639811038971 11.88879585266113 1.726407766342163
v -1.757890939712524 11.82099342346191 1.757900834083557
v -1.834811806678772 11.93333148956299 1.50582230091095
v -1.887223124504089 11.88879585266113 1.5488361120224
v -1.921649813652039 11.82099342346191 1.577089905738831
v -1.973528504371643 11.93333148956299 1.31867516040802
v -2.029902458190918 11.88879585266113 1.356343150138855
v -2.06693172454834 11.82099342346191 1.381085515022278
v -2.093347072601318 11.93333148956299 1.118900775909424
v -2.153143644332886 11.88879585266113 1.150862216949463
v -2.192421197891235 11.82099342346191 1.171856164932251
v -2.193011045455933 11.93333148956299 0.9083787798881531
v -2.255654335021973 11.88879585266113 0.9343265891075134
v -2.296802043914795 11.82099342346191 0.9513705372810364
v -2.271399974822998 11.93333148956299 0.6890448927879334
v -2.336282730102539 11.88879585266113 0.7087274789810181
v -2.37890100479126 11.82099342346191 0.7216560244560242
v -2.327937602996826 11.93333148956299 0.4630600214004517
v -2.394435167312622 11.88879585266113 0.4762873351573944
v -2.438114404678345 11.82099342346191 0.4849757552146912
v -2.362183332443237 11.93333148956299 0.2326411902904511
v -2.429659128189087 11.88879585266113 0.2392865866422653
v -2.473980903625488 11.82099342346191 0.2436516433954239
v -2.373696804046631 11.93333148956299 5.426915777206887e-06
v -2.441501379013062 11.88879585266113 5.581935511145275e-06
v -2.486039161682129 11.82099342346191 5.683760718966369e-06
v -2.362184286117554 11.93333148956299 -0.2326302528381348
v -2.429660081863403 11.88879585266113 -0.239275336265564
v -2.473981618881226 11.82099342346191 -0.2436401844024658
v -2.327939510345459 11.93333148956299 -0.4630489051342011
v -2.394437074661255 11.88879585266113 -0.4762759208679199
v -2.438116312026978 11.82099342346191 -0.4849641025066376
v -2.271402835845947 11.93333148956299 -0.6890336275100708
v -2.336285591125488 11.88879585266113 -0.7087159156799316
v -2.378903865814209 11.82099342346191 -0.7216442823410034
v -2.193015098571777 11.93333148956299 -0.9083675742149353
v -2.255658626556397 11.88879585266113 -0.9343150854110718
v -2.296806335449219 11.82099342346191 -0.9513587951660156
v -2.093352556228638 11.93333148956299 -1.118889927864075
v -2.153149366378784 11.88879585266113 -1.150851011276245
v -2.192426919937134 11.82099342346191 -1.171844720840454
v -1.973535537719727 11.93333148956299 -1.318664908409119
v -2.029909610748291 11.88879585266113 -1.356332540512085
v -2.066939115524292 11.82099342346191 -1.381074666976929
v -1.834820032119751 11.93333148956299 -1.505812764167786
v -1.887231707572937 11.88879585266113 -1.548826336860657
v -1.921658515930176 11.82099342346191 -1.577079892158508
v -1.678462147712708 11.93333148956299 -1.678453922271729
v -1.726407408714294 11.88879585266113 -1.726398944854736
v -1.757900476455689 11.82099342346191 -1.757891893386841
v -1.505821943283081 11.93333148956299 -1.834812760353088
v -1.548835754394531 11.88879585266113 -1.887224197387695
v -1.577089548110962 11.82099342346191 -1.921650767326355
v -1.318675041198731 11.93333148956299 -1.973529100418091
v -1.356342911720276 11.88879585266113 -2.029902935028076
v -1.381085276603699 11.82099342346191 -2.066932439804077
v -1.118900775909424 11.93333148956299 -2.093347072601318
v -1.150862216949463 11.88879585266113 -2.153143644332886
v -1.171856164932251 11.82099342346191 -2.192421197891235
v -0.9083788990974426 11.93333148956299 -2.193010568618774
v -0.9343267679214478 11.88879585266113 -2.255653858184815
v -0.9513707160949707 11.82099342346191 -2.296801567077637
v -0.6890450716018677 11.93333148956299 -2.27139949798584
v -0.7087276577949524 11.88879585266113 -2.336282014846802
v -0.7216562032699585 11.82099342346191 -2.378900527954102
v -0.4630601108074188 11.93333148956299 -2.327937364578247
v -0.4762874245643616 11.88879585266113 -2.394434928894043
v -0.4849758446216583 11.82099342346191 -2.438113927841187
v -0.2326411008834839 11.93333148956299 -2.362183332443237
v -0.2392864972352982 11.88879585266113 -2.429659128189087
v -0.2436515539884567 11.82099342346191 -2.473980665206909
v -5.123823939356953e-06 11.93333148956299 -2.373696804046631
v -5.270186193229165e-06 11.88879585266113 -2.441501379013062
v -5.366324330680072e-06 11.82099342346191 -2.486039161682129
v 0.2326308339834213 11.93333148956299 -2.362184047698975
v 0.2392759472131729 11.88879585266113 -2.429659843444824
v 0.2436407953500748 11.82099342346191 -2.473981618881226
v 0.4630502164363861 11.93333148956299 -2.327939033508301
v 0.476277232170105 11.88879585266113 -2.394436597824097
v 0.4849654734134674 11.82099342346191 -2.438115835189819
v 0.6890365481376648 11.93333148956299 -2.27140212059021
v 0.7087188363075256 11.88879585266113 -2.336284875869751
v 0.7216472625732422 11.82099342346191 -2.378903150558472
v 0.9083732962608337 11.93333148956299 -2.19301438331604
v 0.9343209862709045 11.88879585266113 -2.255657911300659
v 0.9513648152351379 11.82099342346191 -2.296805620193481
v 1.118899822235107 11.93333148956299 -2.093352317810059
v 1.150861263275147 11.88879585266113 -2.153148889541626
v 1.171855211257935 11.82099342346191 -2.192426443099976
v 1.318678498268127 11.93333148956299 -1.973535418510437
v 1.356346487998962 11.88879585266113 -2.029909372329712
v 1.381088972091675 11.82099342346191 -2.066938877105713
v 1.5058274269104 11.93333148956299 -1.834819555282593
v 1.54884135723114 11.88879585266113 -1.887231230735779
v 1.57709527015686 11.82099342346191 -1.921658039093018
v 1.678464651107788 11.93333148956299 -1.678460478782654
v 1.726409912109375 11.88879585266113 -1.726405739784241
v 1.757903099060059 11.82099342346191 -1.757898688316345
v 1.834813833236694 11.93333148956299 -1.505817890167236
v 1.887225270271301 11.88879585266113 -1.548831582069397
v 1.921651959419251 11.82099342346191 -1.577085256576538
v 1.973520278930664 11.93333148956299 -1.318668484687805
v 2.02989387512207 11.88879585266113 -1.356336236000061
v 2.066923141479492 11.82099342346191 -1.381078362464905
v 2.093334674835205 11.93333148956299 -1.118892788887024
v 2.153130769729614 11.88879585266113 -1.150853991508484
v 2.192408323287964 11.82099342346191 -1.171847820281982
v 2.193008184432983 11.93333148956299 -0.9083716869354248
v 2.255651473999023 11.88879585266113 -0.9343193173408508
v 2.296798944473267 11.82099342346191 -0.9513631463050842
v 2.271420955657959 11.93333148956299 -0.6890414357185364
v 2.336304187774658 11.88879585266113 -0.7087239027023315
v 2.378922939300537 11.82099342346191 -0.7216523885726929
v 2.327973604202271 11.93333148956299 -0.4630602300167084
v 2.394472360610962 11.88879585266113 -0.4762875437736511
v 2.438152074813843 11.82099342346191 -0.4849759638309479
v 2.362196207046509 11.93333148956299 -0.2326418459415436
v 2.429672479629517 11.88879585266113 -0.239287257194519
v 2.473994493484497 11.82099342346191 -0.2436523288488388
v 2.299999952316284 11.94737434387207 6.515369489346198e-16
v 2.373618841171265 11.93333148956299 1.240375036805819e-15
v 2.441421270370483 11.88879585266113 1.021230460933949e-15
v 2.485957622528076 11.82099342346191 6.804158490569855e-16
v 2.5 11.74737453460693 1.540781915464236e-16
v 2.293864250183106 11.94737434387207 0.1678892225027084
v 2.275489807128906 11.94737434387207 0.3348826766014099
v 2.244974613189697 11.94737434387207 0.5000894069671631
v 2.202481269836426 11.94737434387207 0.6626279354095459
v 2.148236989974976 11.94737434387207 0.8216310739517212
v 2.082530975341797 11.94737434387207 0.9762504100799561
v 2.005713701248169 11.94737434387207 1.125661015510559
v 1.918195009231567 11.94737434387207 1.269065856933594
v 1.820441961288452 11.94737434387207 1.405699491500855
v 1.712975978851318 11.94737434387207 1.534833312034607
v 1.596370697021484 11.94737434387207 1.655777931213379
v 1.471247911453247 11.94737434387207 1.767888426780701
v 1.33827555179596 11.94737434387207 1.870566368103027
v 1.198162794113159 11.94737434387207 1.963264107704163
v 1.051657319068909 11.94737434387207 2.045486927032471
v 0.8995408415794373 11.94737434387207 2.116796255111694
v 0.7426249384880066 11.94737434387207 2.176811456680298
v 0.5817467570304871 11.94737434387207 2.225212574005127
v 0.4177647531032562 11.94737434387207 2.261741161346436
v 0.2515537738800049 11.94737434387207 2.286202192306519
v 0.08400065451860428 11.94737434387207 2.298465490341187
v -0.08400065451860428 11.94737434387207 2.298465490341187
v -0.2515537738800049 11.94737434387207 2.286202192306519
v -0.4177647531032562 11.94737434387207 2.261741161346436
v -0.5817467570304871 11.94737434387207 2.225212574005127
v -0.7426249384880066 11.94737434387207 2.176811456680298
v -0.8995408415794373 11.94737434387207 2.116796255111694
v -1.051657319068909 11.94737434387207 2.045486927032471
v -1.198162794113159 11.94737434387207 1.963264107704163
v -1.33827555179596 11.94737434387207 1.870566368103027
v -1.471247911453247 11.94737434387207 1.767888426780701
v -1.596370697021484 11.94737434387207 1.655777931213379
v -1.712975978851318 11.94737434387207 1.534833312034607
v -1.820441961288452 11.94737434387207 1.405699491500855
v -1.918195009231567 11.94737434387207 1.269065856933594
v -2.005713701248169 11.94737434387207 1.125661015510559
v -2.082530975341797 11.94737434387207 0.9762504100799561
v -2.148236989974976 11.94737434387207 0.8216310739517212
v -2.202481269836426 11.94737434387207 0.6626279354095459
v -2.244974613189697 11.94737434387207 0.5000894069671631
v -2.275489807128906 11.94737434387207 0.3348826766014099
v -2.293864250183106 11.94737434387207 0.1678892225027084
v -2.299999952316284 11.94737434387207 0
v -2.293864250183106 11.94737434387207 -0.1678892225027084
v -2.275489807128906 11.94737434387207 -0.3348826766014099
v -2.244974613189697 11.94737434387207 -0.5000894069671631
v -2.202481269836426 11.94737434387207 -0.6626279354095459
v -2.148236989974976 11.94737434387207 -0.8216310739517212
v -2.082530975341797 11.94737434387207 -0.9762504100799561
v -2.005713701248169 11.94737434387207 -1.125661015510559
v -1.918195009231567 11.94737434387207 -1.269065856933594
v -1.820441961288452 11.94737434387207 -1.405699491500855
v -1.712975978851318 11.94737434387207 -1.534833312034607
v -1.596370697021484 11.94737434387207 -1.655777931213379
v -1.471247911453247 11.94737434387207 -1.767888426780701
v -1.33827555179596 11.94737434387207 -1.870566368103027
v -1.198162794113159 11.94737434387207 -1.963264107704163
v -1.051657319068909 11.94737434387207 -2.045486927032471
v -0.8995408415794373 11.94737434387207 -2.116796255111694
v -0.7426249384880066 11.94737434387207 -2.176811456680298
v -0.5817467570304871 11.94737434387207 -2.225212574005127
v -0.4177647531032562 11.94737434387207 -2.261741161346436
v -0.2515537738800049 11.94737434387207 -2.286202192306519
v -0.08400065451860428 11.94737434387207 -2.298465490341187
v 0.08400065451860428 11.94737434387207 -2.298465490341187
v 0.2515537738800049 11.94737434387207 -2.286202192306519
v 0.4177647531032562 11.94737434387207 -2.261741161346436
v 0.5817467570304871 11.94737434387207 -2.225212574005127
v 0.7426249384880066 11.94737434387207 -2.176811456680298
v 0.8995408415794373 11.94737434387207 -2.116796255111694
v 1.051657319068909 11.94737434387207 -2.045486927032471
v 1.198162794113159 11.94737434387207 -1.963264107704163
v 1.33827555179596 11.94737434387207 -1.870566368103027
v 1.471247911453247 11.94737434387207 -1.767888426780701
v 1.596370697021484 11.94737434387207 -1.655777931213379
v 1.712975978851318 11.94737434387207 -1.534833312034607
v 1.820441961288452 11.94737434387207 -1.405699491500855
v 1.918195009231567 11.94737434387207 -1.269065856933594
v 2.005713701248169 11.94737434387207 -1.125661015510559
v 2.082530975341797 11.94737434387207 -0.9762504100799561
v 2.148236989974976 11.94737434387207 -0.8216310739517212
v 2.202481269836426 11.94737434387207 -0.6626279354095459
v 2.244974613189697 11.94737434387207 -0.5000894069671631
v 2.275489807128906 11.94737434387207 -0.3348826766014099
v 2.293864250183106 11.94737434387207 -0.1678892225027084
v 2.493330717086792 11.74737453460693 -0.1824882924556732
v 2.473358392715454 11.74737453460693 -0.364002913236618
v 2.440189599990845 11.74737453460693 -0.5435754656791687
v 2.394001483917236 11.74737453460693 -0.720247745513916
v 2.335040330886841 11.74737453460693 -0.8930772542953491
v 2.263620615005493 11.74737453460693 -1.061141729354858
v 2.180123567581177 11.74737453460693 -1.223544597625732
v 2.084994554519653 11.74737453460693 -1.379419326782227
v 1.97874116897583 11.74737453460693 -1.527934312820435
v 1.8619304895401 11.74737453460693 -1.668297052383423
v 1.735185503959656 11.74737453460693 -1.799758672714233
v 1.599182605743408 11.74737453460693 -1.921617865562439
v 1.454647302627564 11.74737453460693 -2.03322434425354
v 1.302350878715515 11.74737453460693 -2.133982658386231
v 1.143105864524841 11.74737453460693 -2.223355293273926
v 0.9777618050575256 11.74737453460693 -2.300865411758423
v 0.8072010278701782 11.74737453460693 -2.366099357604981
v 0.6323334574699402 11.74737453460693 -2.41870927810669
v 0.4540921151638031 11.74737453460693 -2.458414077758789
v 0.2734280228614807 11.74737453460693 -2.485002517700195
v 0.09130505472421646 11.74737453460693 -2.498332023620606
v -0.09130505472421646 11.74737453460693 -2.498332023620606
v -0.2734280228614807 11.74737453460693 -2.485002517700195
v -0.4540921151638031 11.74737453460693 -2.458414077758789
v -0.6323334574699402 11.74737453460693 -2.41870927810669
v -0.8072010278701782 11.74737453460693 -2.366099357604981
v -0.9777618050575256 11.74737453460693 -2.300865411758423
v -1.143105864524841 11.74737453460693 -2.223355293273926
v -1.302350878715515 11.74737453460693 -2.133982658386231
v -1.454647302627564 11.74737453460693 -2.03322434425354
v -1.599182605743408 11.74737453460693 -1.921617865562439
v -1.735185503959656 11.74737453460693 -1.799758672714233
v -1.8619304895401 11.74737453460693 -1.668297052383423
v -1.97874116897583 11.74737453460693 -1.527934312820435
v -2.084994554519653 11.74737453460693 -1.379419326782227
v -2.180123567581177 11.74737453460693 -1.223544597625732
v -2.263620615005493 11.74737453460693 -1.061141729354858
v -2.335040330886841 11.74737453460693 -0.8930772542953491
v -2.394001483917236 11.74737453460693 -0.720247745513916
v -2.440189599990845 11.74737453460693 -0.5435754656791687
v -2.473358392715454 11.74737453460693 -0.364002913236618
v -2.493330717086792 11.74737453460693 -0.1824882924556732
v -2.5 11.74737453460693 0
v -2.493330717086792 11.74737453460693 0.1824882924556732
v -2.473358392715454 11.74737453460693 0.364002913236618
v -2.440189599990845 11.74737453460693 0.5435754656791687
v -2.394001483917236 11.74737453460693 0.720247745513916
v -2.335040330886841 11.74737453460693 0.8930772542953491
v -2.263620615005493 11.74737453460693 1.061141729354858
v -2.180123567581177 11.74737453460693 1.223544597625732
v -2.084994554519653 11.74737453460693 1.379419326782227
v -1.97874116897583 11.74737453460693 1.527934312820435
v -1.8619304895401 11.74737453460693 1.668297052383423
v -1.735185503959656 11.74737453460693 1.799758672714233
v -1.599182605743408 11.74737453460693 1.921617865562439
v -1.454647302627564 11.74737453460693 2.03322434425354
v -1.302350878715515 11.74737453460693 2.133982658386231
v -1.143105864524841 11.74737453460693 2.223355293273926
v -0.9777618050575256 11.74737453460693 2.300865411758423
v -0.8072010278701782 11.74737453460693 2.366099357604981
v -0.6323334574699402 11.74737453460693 2.41870927810669
v -0.4540921151638031 11.74737453460693 2.458414077758789
v -0.2734280228614807 11.74737453460693 2.485002517700195
v -0.09130505472421646 11.74737453460693 2.498332023620606
v 0.09130505472421646 11.74737453460693 2.498332023620606
v 0.2734280228614807 11.74737453460693 2.485002517700195
v 0.4540921151638031 11.74737453460693 2.458414077758789
v 0.6323334574699402 11.74737453460693 2.41870927810669
v 0.8072010278701782 11.74737453460693 2.366099357604981
v 0.9777618050575256 11.74737453460693 2.300865411758423
v 1.143105864524841 11.74737453460693 2.223355293273926
v 1.302350878715515 11.74737453460693 2.133982658386231
v 1.454647302627564 11.74737453460693 2.03322434425354
v 1.599182605743408 11.74737453460693 1.921617865562439
v 1.735185503959656 11.74737453460693 1.799758672714233
v 1.8619304895401 11.74737453460693 1.668297052383423
v 1.97874116897583 11.74737453460693 1.527934312820435
v 2.084994554519653 11.74737453460693 1.379419326782227
v 2.180123567581177 11.74737453460693 1.223544597625732
v 2.263620615005493 11.74737453460693 1.061141729354858
v 2.335040330886841 11.74737453460693 0.8930772542953491
v 2.394001483917236 11.74737453460693 0.720247745513916
v 2.440189599990845 11.74737453460693 0.5435754656791687
v 2.473358392715454 11.74737453460693 0.364002913236618
v 2.493330717086792 11.74737453460693 0.1824882924556732
f 2 1 8
f 109 8 9
f 108 10 11
f 108 11 12
f 109 9 10
f 107 13 14
f 106 14 15
f 105 16 17
f 104 18 19
f 105 17 18
f 106 15 16
f 107 12 13
f 103 20 21
f 103 21 22
f 102 23 24
f 3 25 26
f 3 24 25
f 102 22 23
f 101 27 28
f 100 28 29
f 99 30 31
f 98 32 33
f 99 31 32
f 100 29 30
f 101 26 27
f 104 19 20
f 109 2 8
f 108 109 10
f 106 107 14
f 105 106 16
f 108 12 107
f 103 104 20
f 102 103 22
f 101 3 26
f 99 100 30
f 101 28 100
f 102 24 3
f 105 18 104
f 97 34 35
f 97 35 36
f 96 37 38
f 95 39 40
f 95 38 39
f 96 36 37
f 97 98 33 34
f 96 97 36
f 41 42 4 94
f 94 95 40
f 38 95 96
f 94 40 41
f 32 98 99
f 43 44 93 4
f 93 44 45
f 92 46 47
f 91 47 48
f 92 45 46
f 90 49 50
f 90 50 51
f 89 52 53
f 88 54 55
f 88 53 54
f 89 51 52
f 91 48 49
f 87 56 57
f 86 57 58
f 5 59 60
f 85 61 62
f 5 60 61
f 86 58 59
f 84 63 64
f 84 64 65
f 83 66 67
f 82 68 69
f 82 67 68
f 83 65 66
f 85 62 63
f 87 55 56
f 92 93 45
f 90 91 49
f 88 89 53
f 90 51 89
f 92 47 91
f 86 87 57
f 5 86 59
f 84 85 63
f 82 83 67
f 84 65 83
f 5 61 85
f 88 55 87
f 81 70 71
f 80 71 72
f 79 73 74
f 78 75 76
f 79 74 75
f 80 72 73
f 80 81 71
f 79 80 73
f 7 77 6
f 77 7 78
f 75 78 79
f 77 78 76
f 81 82 69 70
f 42 43 4
f 110 118 177 111
f 176 119 120
f 118 119 176 177
f 121 122 174 175
f 123 124 172 173
f 122 123 173 174
f 175 120 121
f 171 125 112
f 126 127 169 170
f 170 112 126
f 128 129 167 168
f 166 130 131
f 165 131 132
f 129 130 166 167
f 127 128 168 169
f 124 125 171 172
f 175 176 120
f 170 171 112
f 114 164 133 113
f 165 166 131
f 164 165 132 133
f 134 135 162 163
f 161 136 137
f 162 135 136
f 138 139 159 160
f 140 141 157 158
f 139 140 158 159
f 137 138 160 161
f 156 115 142
f 143 144 154 155
f 142 143 155 156
f 145 146 152 153
f 151 147 148
f 148 149 150 151
f 152 146 147
f 144 145 153 154
f 157 141 115
f 163 114 113 134
f 161 162 136
f 156 157 115
f 117 150 149 116
f 152 147 151
f 193 192 178 179
f 194 193 179 180
f 195 194 180 181
f 196 195 181 182
f 197 196 182 183
f 212 211 184 185
f 213 212 185 186
f 214 213 186 187
f 215 214 187 188
f 216 215 188 189
f 217 216 189 190
f 218 217 190 191
f 219 218 191 192
f 220 219 192 193
f 221 220 193 194
f 222 221 194 195
f 223 222 195 196
f 224 223 196 197
f 225 224 197 198
f 226 225 198 199
f 227 226 199 200
f 228 227 200 201
f 229 228 201 202
f 230 229 202 203
f 231 230 203 204
f 232 231 204 205
f 244 206 245
f 246 245 206 207
f 247 246 207 208
f 248 247 208 209
f 249 248 209 210
f 250 249 210 211
f 251 250 211 212
f 252 251 212 213
f 253 252 213 214
f 254 253 214 215
f 255 254 215 216
f 256 255 216 217
f 257 256 217 218
f 258 257 218 219
f 259 258 219 220
f 260 259 220 221
f 261 260 221 222
f 262 261 222 223
f 263 262 223 224
f 264 263 224 225
f 265 264 225 226
f 266 265 226 227
f 267 266 227 228
f 268 267 228 229
f 269 268 229 230
f 270 269 230 231
f 271 270 231 232
f 272 271 232 233
f 273 272 233 234
f 274 273 234 235
f 275 274 235 236
f 276 275 236 237
f 237 277 276
f 290 289 238 239
f 291 290 239 240
f 292 291 240 241
f 293 292 241 242
f 294 293 242 243
f 295 294 243 244
f 296 295 244 245
f 297 296 245 246
f 298 297 246 247
f 299 298 247 248
f 300 299 248 249
f 301 300 249 250
f 302 301 250 251
f 303 302 251 252
f 304 303 252 253
f 305 304 253 254
f 306 305 254 255
f 307 306 255 256
f 308 307 256 257
f 309 308 257 258
f 310 309 258 259
f 311 310 259 260
f 312 311 260 261
f 313 312 261 262
f 314 313 262 263
f 315 314 263 264
f 316 315 264 265
f 317 316 265 266
f 318 317 266 267
f 319 318 267 268
f 320 319 268 269
f 321 320 269 270
f 322 321 270 271
f 323 322 271 272
f 324 323 272 273
f 325 324 273 274
f 326 325 274 275
f 327 326 275 276
f 328 327 276 277
f 329 328 277 278
f 330 329 278 279
f 331 330 279 280
f 332 331 280 281
f 333 332 281 282
f 334 333 282 283
f 349 348 284 285
f 350 349 285 286
f 351 350 286 287
f 352 351 287 288
f 353 352 288 289
f 354 353 289 290
f 355 354 290 291
f 356 355 291 292
f 357 356 292 293
f 358 357 293 294
f 359 358 294 295
f 360 359 295 296
f 361 360 296 297
f 362 361 297 298
f 363 362 298 299
f 364 363 299 300
f 365 364 300 301
f 366 365 301 302
f 367 366 302 303
f 368 367 303 304
f 369 368 304 305
f 370 369 305 306
f 371 370 306 307
f 310 372 309
f 373 313 314
f 375 374 316 317
f 376 375 317 318
f 377 376 318 319
f 378 377 319 320
f 379 378 320 321
f 380 379 321 322
f 381 380 322 323
f 382 381 323 324
f 383 382 324 325
f 384 383 325 326
f 385 384 326 327
f 386 385 327 328
f 387 386 328 329
f 388 387 329 330
f 389 388 330 331
f 390 389 331 332
f 391 390 332 333
f 392 391 333 334
f 393 392 334 335
f 394 393 335 336
f 395 394 336 337
f 396 395 337 338
f 397 396 338 339
f 406 464 466 465
f 465 466 462 340
f 465 407 406
f 341 465 340
f 407 465 341
f 408 407 341 342
f 409 408 342 343
f 410 409 343 344
f 411 410 344 345
f 412 411 345 346
f 413 412 346 347
f 414 413 347 348
f 415 414 348 349
f 416 415 349 350
f 417 416 350 351
f 418 417 351 352
f 419 418 352 353
f 420 419 353 354
f 421 420 354 355
f 422 421 355 356
f 423 422 356 357
f 424 423 357 358
f 359 424 358
f 425 386 387
f 426 425 387 388
f 427 426 388 389
f 428 427 389 390
f 429 428 390 391
f 430 429 391 392
f 431 430 392 393
f 432 431 393 394
f 433 432 394 395
f 434 433 395 396
f 435 434 396 397
f 436 435 397 398
f 437 436 398 399
f 438 437 399 400
f 439 438 400 401
f 440 439 401 402
f 441 440 402 403
f 442 441 403 404
f 468 404 405
f 442 468 443
f 404 468 442
f 469 468 405 463
f 467 443 468 469
f 444 470 472 471
f 471 472 464 406
f 471 445 444
f 407 471 406
f 445 471 407
f 446 445 407 408
f 447 446 408 409
f 448 447 409 410
f 449 448 410 411
f 450 449 411 412
f 451 450 412 413
f 452 451 413 414
f 454 453 435 436
f 455 454 436 437
f 456 455 437 438
f 457 456 438 439
f 458 457 439 440
f 459 458 440 441
f 460 459 441 442
f 474 442 443
f 460 474 461
f 442 474 460
f 475 474 443 467
f 473 461 474 475
f 476 477 470 444
f 479 478 461 473
f 206 622 621
f 622 244 623
f 244 622 206
f 243 624 623
f 620 619 208
f 206 621 207
f 207 621 620
f 620 208 207
f 619 209 208
f 618 209 619
f 242 625 624
f 239 628 627
f 628 238 629
f 289 629 238
f 628 239 238
f 240 239 627
f 241 240 626
f 627 626 240
f 625 242 241
f 242 624 243
f 243 623 244
f 625 241 626
f 612 188 613
f 614 185 615
f 614 613 186
f 616 615 184
f 609 608 178
f 191 609 178 192
f 607 178 608
f 611 610 190
f 191 610 609
f 611 189 612
f 210 617 184 211
f 615 185 184
f 617 616 184
f 209 618 210
f 210 618 617
f 613 187 186
f 613 188 187
f 611 190 189
f 610 191 190
f 612 189 188
f 614 186 185
f 650 649 648
f 650 647 646
f 647 650 648
f 344 639 638
f 346 638 637
f 641 640 342
f 343 640 639
f 641 341 642
f 642 462 643
f 650 645 644
f 462 642 340
f 650 462 466 651
f 650 644 462
f 650 646 645
f 642 341 340
f 341 641 342
f 342 640 343
f 344 638 345
f 345 638 346
f 343 639 344
f 644 643 462
f 636 346 637
f 284 635 634
f 635 284 636
f 347 636 284 348
f 634 285 284
f 633 285 634
f 630 288 631
f 632 631 287
f 632 287 286
f 285 633 286
f 633 632 286
f 287 631 288
f 288 629 289
f 662 359 360
f 307 308 371
f 508 362 363
f 509 363 364
f 362 507 361
f 372 308 309
f 361 506 662 360
f 347 346 636
f 288 630 629
f 180 606 605
f 606 180 179
f 179 178 607
f 607 606 179
f 181 180 605
f 602 183 603
f 604 603 182
f 534 384 385 663
f 604 182 181
f 603 183 182
f 181 605 604
f 197 183 601 198
f 663 535 534
f 198 601 600
f 183 602 601
f 199 198 600
f 597 201 598
f 599 598 200
f 599 200 199
f 598 201 200
f 199 600 599
f 202 201 597
f 204 596 595
f 597 596 203
f 596 204 203
f 203 202 597
f 205 204 595
f 593 205 594
f 595 594 205
f 233 593 592
f 591 234 592
f 232 205 593 233
f 590 235 591
f 592 234 233
f 591 235 234
f 235 590 236
f 590 589 236
f 237 236 589
f 277 588 587
f 589 588 237
f 278 587 586
f 585 279 586
f 280 585 584
f 237 588 277
f 278 586 279
f 280 584 281
f 584 583 281
f 279 585 280
f 582 282 583
f 281 583 282
f 283 282 582
f 580 335 581
f 581 334 283
f 582 581 283
f 278 277 587
f 520 311 312
f 521 312 313
f 311 519 310
f 373 314 315
f 334 581 335
f 580 579 335
f 316 374 315
f 336 335 579
f 337 578 577
f 578 337 336
f 401 572 571
f 577 338 337
f 336 579 578
f 576 338 577
f 575 339 576
f 338 576 339
f 574 339 575
f 574 573 399
f 573 572 399
f 397 339 574 398
f 568 404 569
f 568 567 463
f 567 566 463
f 463 566 661
f 570 569 403
f 661 563 562
f 661 562 561
f 661 565 564
f 566 565 661
f 563 661 564
f 571 570 402
f 651 466 464 652
f 652 464 472 653
f 508 507 362
f 366 511 365
f 510 365 511
f 512 511 366
f 364 365 510
f 509 364 510
f 363 509 508
f 452 414 415
f 496 416 417
f 497 417 418
f 452 415 416 664
f 499 419 420
f 500 420 421
f 502 422 423
f 503 423 424
f 662 504 424
f 422 501 421
f 419 499 418
f 368 369 513
f 370 371 515
f 517 516 308
f 514 369 370
f 310 518 372
f 312 521 520
f 524 523 315
f 373 315 523
f 519 311 520
f 521 313 522
f 519 518 310
f 522 313 373
f 513 367 368
f 371 308 516
f 371 516 515
f 369 514 513
f 367 513 512
f 514 370 515
f 372 518 517
f 374 525 524
f 315 374 524
f 373 523 522
f 308 372 517
f 512 366 367
f 375 525 374
f 653 472 470 654
f 654 470 477 655
f 444 445 476
f 445 446 487
f 489 447 448
f 447 488 446
f 477 484 655
f 655 482 481
f 655 484 483
f 482 655 483
f 477 485 484
f 447 489 488
f 488 487 446
f 445 486 476
f 445 487 486
f 486 477 476
f 477 486 485
f 480 655 481
f 490 489 448
f 499 420 500
f 499 498 418
f 418 498 497
f 421 501 500
f 506 505 662
f 504 662 505
f 361 507 506
f 662 424 359
f 503 424 504
f 502 423 503
f 501 422 502
f 490 449 450
f 491 450 451
f 494 493 452
f 492 491 451
f 490 450 491
f 490 448 449
f 452 492 451
f 416 495 664
f 496 417 497
f 496 495 416
f 664 495 494
f 452 664 494
f 493 492 452
f 526 375 376
f 527 377 378
f 528 378 379
f 377 527 376
f 530 380 381
f 531 381 382
f 533 383 384
f 383 532 382
f 380 529 379
f 527 378 528
f 530 381 531
f 529 380 530
f 528 379 529
f 383 533 532
f 532 531 382
f 384 534 533
f 386 665 663 385
f 535 663 665
f 425 665 386
f 526 376 527
f 526 525 375
f 572 400 399
f 572 401 400
f 574 399 398
f 570 403 402
f 569 404 403
f 463 661 660 469
f 568 463 405
f 568 405 404
f 571 402 401
f 537 425 426
f 538 426 427
f 540 428 429
f 541 429 430
f 428 539 427
f 469 660 659 467
f 544 432 433
f 545 433 434 666
f 432 543 431
f 431 541 430
f 425 536 665
f 425 537 536
f 539 428 540
f 538 427 539
f 426 538 537
f 431 542 541
f 541 540 429
f 431 543 542
f 544 433 545
f 543 432 544
f 546 545 666
f 535 665 536
f 547 666 453
f 666 434 435 453
f 546 666 547
f 548 547 453
f 549 454 455
f 550 455 456
f 455 550 549
f 548 454 549
f 548 453 454
f 457 550 456
f 458 459 552
f 460 461 478
f 553 459 460
f 467 659 658 475
f 657 473 475 658
f 656 479 473 657
f 551 457 458
f 554 478 479
f 551 458 552
f 553 552 459
f 460 478 554
f 553 460 554
f 555 554 479
f 656 560 559
f 656 559 558
f 558 557 656
f 656 557 556
f 556 555 479
f 479 656 556
f 551 550 457
f 682 668 667 681
f 683 669 668 682
f 684 670 669 683
f 685 671 670 684
f 686 672 671 685
f 701 674 673 700
f 702 675 674 701
f 703 676 675 702
f 704 677 676 703
f 705 678 677 704
f 706 679 678 705
f 707 680 679 706
f 708 681 680 707
f 709 682 681 708
f 710 683 682 709
f 711 684 683 710
f 712 685 684 711
f 713 686 685 712
f 714 687 686 713
f 715 688 687 714
f 716 689 688 715
f 717 690 689 716
f 718 691 690 717
f 719 692 691 718
f 720 693 692 719
f 721 694 693 720
f 733 734 695
f 735 696 695 734
f 736 697 696 735
f 737 698 697 736
f 738 699 698 737
f 739 700 699 738
f 740 701 700 739
f 741 702 701 740
f 742 703 702 741
f 743 704 703 742
f 744 705 704 743
f 745 706 705 744
f 746 707 706 745
f 747 708 707 746
f 748 709 708 747
f 749 710 709 748
f 750 711 710 749
f 751 712 711 750
f 752 713 712 751
f 753 714 713 752
f 754 715 714 753
f 755 716 715 754
f 756 717 716 755
f 757 718 717 756
f 758 719 718 757
f 759 720 719 758
f 760 721 720 759
f 761 722 721 760
f 762 723 722 761
f 763 724 723 762
f 764 725 724 763
f 765 726 725 764
f 726 765 766
f 779 728 727 778
f 780 729 728 779
f 781 730 729 780
f 782 731 730 781
f 783 732 731 782
f 784 733 732 783
f 785 734 733 784
f 786 735 734 785
f 787 736 735 786
f 788 737 736 787
f 789 738 737 788
f 790 739 738 789
f 791 740 739 790
f 792 741 740 791
f 793 742 741 792
f 794 743 742 793
f 795 744 743 794
f 796 745 744 795
f 797 746 745 796
f 798 747 746 797
f 799 748 747 798
f 800 749 748 799
f 801 750 749 800
f 802 751 750 801
f 803 752 751 802
f 804 753 752 803
f 805 754 753 804
f 806 755 754 805
f 807 756 755 806
f 808 757 756 807
f 809 758 757 808
f 810 759 758 809
f 811 760 759 810
f 812 761 760 811
f 813 762 761 812
f 814 763 762 813
f 815 764 763 814
f 816 765 764 815
f 817 766 765 816
f 818 767 766 817
f 819 768 767 818
f 820 769 768 819
f 821 770 769 820
f 822 771 770 821
f 823 772 771 822
f 838 774 773 837
f 839 775 774 838
f 840 776 775 839
f 841 777 776 840
f 842 778 777 841
f 843 779 778 842
f 844 780 779 843
f 845 781 780 844
f 846 782 781 845
f 847 783 782 846
f 848 784 783 847
f 849 785 784 848
f 850 786 785 849
f 851 787 786 850
f 852 788 787 851
f 853 789 788 852
f 854 790 789 853
f 855 791 790 854
f 856 792 791 855
f 857 793 792 856
f 858 794 793 857
f 859 795 794 858
f 860 796 795 859
f 799 798 861
f 862 803 802
f 864 806 805 863
f 865 807 806 864
f 866 808 807 865
f 867 809 808 866
f 868 810 809 867
f 869 811 810 868
f 870 812 811 869
f 871 813 812 870
f 872 814 813 871
f 873 815 814 872
f 874 816 815 873
f 875 817 816 874
f 876 818 817 875
f 877 819 818 876
f 878 820 819 877
f 879 821 820 878
f 880 822 821 879
f 881 823 822 880
f 882 824 823 881
f 883 825 824 882
f 884 826 825 883
f 885 827 826 884
f 886 828 827 885
f 895 954 955 953
f 954 829 951 955
f 954 895 896
f 830 829 954
f 896 830 954
f 897 831 830 896
f 898 832 831 897
f 899 833 832 898
f 900 834 833 899
f 901 835 834 900
f 902 836 835 901
f 903 837 836 902
f 904 838 837 903
f 905 839 838 904
f 906 840 839 905
f 907 841 840 906
f 908 842 841 907
f 909 843 842 908
f 910 844 843 909
f 911 845 844 910
f 912 846 845 911
f 913 847 846 912
f 848 847 913
f 914 876 875
f 915 877 876 914
f 916 878 877 915
f 917 879 878 916
f 918 880 879 917
f 919 881 880 918
f 920 882 881 919
f 921 883 882 920
f 922 884 883 921
f 923 885 884 922
f 924 886 885 923
f 925 887 886 924
f 926 888 887 925
f 927 889 888 926
f 928 890 889 927
f 929 891 890 928
f 930 892 891 929
f 931 893 892 930
f 957 894 893
f 931 932 957
f 893 931 957
f 958 952 894 957
f 956 958 957 932
f 933 960 961 959
f 960 895 953 961
f 960 933 934
f 896 895 960
f 934 896 960
f 935 897 896 934
f 936 898 897 935
f 937 899 898 936
f 938 900 899 937
f 939 901 900 938
f 940 902 901 939
f 941 903 902 940
f 943 925 924 942
f 944 926 925 943
f 945 927 926 944
f 946 928 927 945
f 947 929 928 946
f 948 930 929 947
f 949 931 930 948
f 963 932 931
f 949 950 963
f 931 949 963
f 964 956 932 963
f 962 964 963 950
f 965 933 959 966
f 968 962 950 967
f 695 1110 1111
f 1112 733 695
f 695 1111 1112
f 732 1112 1113
f 1109 697 1108
f 695 696 1110
f 696 1109 1110
f 1109 696 697
f 1108 697 698
f 1107 1108 698
f 731 1113 1114
f 728 1116 1117
f 1117 1118 727
f 1117 727 728
f 729 1116 728
f 730 1115 729
f 1116 729 1115
f 1114 730 731
f 731 732 1113
f 732 733 1112
f 1114 1115 730
f 727 1118 778
f 1101 1102 677
f 1103 1104 674
f 1103 675 1102
f 1105 673 1104
f 1098 667 1097
f 680 681 667 1098
f 1096 1097 667
f 1100 679 1099
f 680 1098 1099
f 1100 1101 678
f 699 700 673 1106
f 1104 673 674
f 1106 673 1105
f 698 699 1107
f 699 1106 1107
f 1102 675 676
f 1102 676 677
f 1100 678 679
f 1099 679 680
f 1101 677 678
f 1103 674 675
f 1139 1137 1138
f 1139 1135 1136
f 1136 1137 1139
f 833 1127 1128
f 835 1126 1127
f 1130 831 1129
f 832 1128 1129
f 1130 1131 830
f 1131 1132 951
f 1139 1133 1134
f 951 829 1131
f 1139 1140 955 951
f 1139 951 1133
f 1139 1134 1135
f 1131 829 830
f 830 831 1130
f 831 832 1129
f 833 834 1127
f 834 835 1127
f 832 833 1128
f 1133 951 1132
f 1125 1126 835
f 773 1123 1124
f 1124 1125 773
f 836 837 773 1125
f 1123 773 774
f 1122 1123 774
f 1119 1120 777
f 1121 776 1120
f 1121 775 776
f 774 775 1122
f 1122 775 1121
f 776 777 1120
f 777 778 1118
f 1151 849 848
f 796 860 797
f 997 852 851
f 998 853 852
f 851 850 996
f 861 798 797
f 850 849 1151
f 836 1125 835
f 777 1118 1119
f 669 1094 1095
f 1095 668 669
f 668 1096 667
f 1096 668 1095
f 670 1094 669
f 1091 1092 672
f 1093 671 1092
f 1093 670 671
f 1092 671 672
f 670 1093 1094
f 686 687 1090 672
f 687 1089 1090
f 672 1090 1091
f 688 1089 687
f 1086 1087 690
f 1088 689 1087
f 1088 688 689
f 1087 689 690
f 688 1088 1089
f 691 1086 690
f 693 1084 1085
f 1086 692 1085
f 1085 692 693
f 692 1086 691
f 694 1084 693
f 1082 1083 694
f 1084 694 1083
f 722 1081 1082
f 1080 1081 723
f 721 722 1082 694
f 1079 1080 724
f 1081 722 723
f 1080 723 724
f 724 725 1079
f 1079 725 1078
f 726 1078 725
f 1076 1077 726
f 1078 726 1077
f 767 1075 1076
f 1074 1075 768
f 769 1073 1074
f 766 1076 726
f 767 768 1075
f 769 770 1073
f 1073 770 1072
f 768 769 1074
f 1071 1072 771
f 770 771 1072
f 772 1071 771
f 1069 1070 824
f 1070 772 823
f 1071 772 1070
f 767 1076 766
f 1009 801 800
f 1010 802 801
f 800 799 1008
f 862 804 803
f 823 824 1070
f 1069 824 1068
f 805 804 863
f 825 1068 824
f 826 1066 1067
f 1067 825 826
f 890 1060 1061
f 1066 826 827
f 825 1067 1068
f 1065 1066 827
f 1064 1065 828
f 827 828 1065
f 1063 1064 828
f 1063 888 1062
f 1062 888 1061
f 886 887 1063 828
f 1057 1058 893
f 1057 952 1056
f 1056 952 1055
f 952 1150 1055
f 1059 892 1058
f 1150 1051 1052
f 1150 1050 1051
f 1150 1053 1054
f 1055 1150 1054
f 1052 1053 1150
f 1060 891 1059
f 1140 1141 953 955
f 851 996 997
f 996 850 995
f 855 854 1000
f 999 1000 854
f 1001 855 1000
f 853 999 854
f 998 999 853
f 852 997 998
f 941 1152 905 904
f 985 906 905
f 904 903 941
f 988 908 907
f 988 909 908
f 990 911 910
f 991 912 911
f 910 909 989
f 907 906 986
f 1141 1142 961 953
f 913 993 1151
f 857 1002 858
f 859 1004 860
f 1006 797 1005
f 1003 859 858
f 799 861 1007
f 801 1009 1010
f 1013 804 1012
f 862 1012 804
f 1008 1009 800
f 1010 1011 802
f 1008 799 1007
f 1011 862 802
f 1002 857 856
f 860 1005 797
f 860 1004 1005
f 858 1002 1003
f 856 1001 1002
f 1003 1004 859
f 861 1006 1007
f 863 1013 1014
f 804 1013 863
f 862 1011 1012
f 797 1006 861
f 1001 856 855
f 864 863 1014
f 1142 1143 959 961
f 1143 1144 966 959
f 933 965 934
f 934 976 935
f 978 937 936
f 936 935 977
f 966 1144 973
f 1144 970 971
f 1144 972 973
f 971 972 1144
f 966 973 974
f 936 977 978
f 977 935 976
f 934 965 975
f 934 975 976
f 975 965 966
f 966 974 975
f 969 970 1144
f 979 937 978
f 910 989 990
f 989 909 988
f 907 986 987
f 911 990 991
f 994 1151 993
f 1151 848 913
f 995 1151 994
f 995 850 1151
f 913 992 993
f 912 992 913
f 912 991 992
f 987 988 907
f 979 939 938
f 980 940 939
f 982 983 941
f 981 940 980
f 979 980 939
f 979 938 937
f 941 940 981
f 905 1152 984
f 985 986 906
f 985 905 984
f 1152 983 984
f 941 983 1152
f 982 941 981
f 1015 865 864
f 1016 867 866
f 1017 868 867
f 866 865 1016
f 1019 870 869
f 1020 871 870
f 1022 873 872
f 1023 1153 874
f 872 871 1021
f 869 868 1018
f 1016 1017 867
f 1019 1020 870
f 1018 1019 869
f 1017 1018 868
f 872 1021 1022
f 1021 871 1020
f 1023 874 873
f 875 1153 914
f 1022 1023 873
f 1025 914 1153
f 1153 875 874
f 1015 1016 865
f 1015 864 1014
f 1061 888 889
f 1061 889 890
f 1063 887 888
f 1059 891 892
f 1058 892 893
f 952 958 1149 1150
f 1057 894 952
f 1057 893 894
f 1060 890 891
f 1027 916 915
f 1028 917 916
f 1030 919 918
f 1030 920 919
f 918 917 1029
f 958 956 1148 1149
f 1034 1154 923 922
f 924 923 1154 942
f 922 921 1033
f 921 920 1032
f 915 914 1026
f 1153 1024 1025
f 1027 915 1026
f 1026 914 1025
f 1027 1028 916
f 1029 1030 918
f 1030 1031 920
f 921 1032 1033
f 1032 920 1031
f 917 1028 1029
f 1033 1034 922
f 1034 1035 1154
f 1035 1036 1154
f 1037 942 1036
f 1154 1036 942
f 1038 944 943
f 1039 945 944
f 944 1038 1039
f 1037 1038 943
f 1037 943 942
f 946 945 1039
f 947 1041 948
f 949 967 950
f 1042 949 948
f 956 964 1147 1148
f 1146 1147 964 962
f 1145 1146 962 968
f 1040 947 946
f 1043 968 967
f 1040 1041 947
f 1042 948 1041
f 949 1043 967
f 1042 1043 949
f 1044 968 1043
f 1145 1048 1049
f 1145 1047 1048
f 1047 1145 1046
f 1145 1045 1046
f 1045 968 1044
f 968 1045 1145
f 1040 946 1039
f 1023 1024 1153
f 1224 1225 1188
f 1223 1224 1189
f 1230 1184 1185 1229
f 1187 1225 1226
f 1191 1221 1222
f 1223 1191 1222
f 1192 1220 1221
f 1218 1219 1195
f 1219 1220 1194
f 1227 1187 1226
f 1246 1238 1239
f 1177 1237 1238
f 1246 1247 1238
f 1178 1236 1237
f 1179 1235 1236
f 1182 1232 1233 1181
f 1231 1232 1183
f 1231 1184 1230
f 1180 1234 1235
f 1181 1233 1234
f 1229 1185 1228
f 1227 1228 1186
f 1218 1157 1217
f 1160 1212 1213
f 1212 1161 1211
f 1159 1214 1215
f 1160 1213 1214
f 1158 1215 1216
f 1211 1162 1210
f 1210 1163 1209
f 1167 1204 1205
f 1208 1165 1207
f 1209 1164 1208
f 1168 1203 1204
f 1167 1205 1206 1166
f 1203 1169 1170 1202
f 1200 1201 1171
f 1199 1200 1172
f 1202 1170 1201
f 1245 1196 1197
f 1197 1244 1245
f 1197 1198 1174
f 1197 1243 1244
f 1199 1173 1198
f 1207 1166 1206
f 1216 1217 1157
f 1238 1247 1248
f 1188 1225 1187
f 1238 1249 1250
f 1224 1188 1189
f 1251 1238 1250
f 1177 1238 1251
f 1223 1189 1190
f 1190 1191 1223
f 1191 1192 1221
f 1194 1195 1219
f 1194 1220 1193
f 1220 1192 1193
f 1218 1195 1155
f 1235 1179 1180
f 1180 1181 1234
f 1177 1178 1237
f 1178 1179 1236
f 1185 1186 1228
f 1227 1186 1187
f 1183 1232 1182
f 1184 1231 1183
f 1251 1176 1177
f 1160 1161 1212
f 1159 1215 1158
f 1218 1156 1157
f 1157 1158 1216
f 1214 1159 1160
f 1197 1242 1243
f 1197 1241 1242
f 1241 1197 1240
f 1164 1209 1163
f 1163 1210 1162
f 1211 1161 1162
f 1156 1218 1155
f 1204 1167 1168
f 1207 1165 1166
f 1164 1165 1208
f 1168 1169 1203
f 1173 1199 1172
f 1172 1200 1171
f 1174 1240 1197
f 1174 1175 1240
f 1198 1173 1174
f 1201 1170 1171
f 1249 1238 1248
f 1320 1264 1321
f 1319 1265 1320
f 1326 1325 1261 1260
f 1263 1322 1321
f 1267 1318 1317
f 1319 1318 1267
f 1268 1317 1316
f 1314 1271 1315
f 1315 1270 1316
f 1323 1322 1263
f 1342 1335 1334
f 1253 1334 1333
f 1342 1334 1343
f 1254 1333 1332
f 1255 1332 1331
f 1258 1257 1329 1328
f 1327 1259 1328
f 1327 1326 1260
f 1256 1331 1330
f 1257 1330 1329
f 1325 1324 1261
f 1323 1262 1324
f 1314 1313 1273
f 1276 1309 1308
f 1308 1307 1277
f 1275 1311 1310
f 1276 1310 1309
f 1274 1312 1311
f 1307 1306 1278
f 1306 1305 1279
f 1283 1301 1300
f 1304 1303 1281
f 1305 1304 1280
f 1284 1300 1299
f 1283 1282 1302 1301
f 1299 1298 1286 1285
f 1296 1287 1297
f 1295 1288 1296
f 1298 1297 1286
f 1341 1293 1292
f 1293 1341 1340
f 1293 1290 1294
f 1293 1340 1339
f 1295 1294 1289
f 1303 1302 1282
f 1312 1273 1313
f 1334 1344 1343
f 1264 1263 1321
f 1334 1346 1345
f 1320 1265 1264
f 1347 1346 1334
f 1334 1252 1347
f 1319 1266 1265
f 1266 1319 1267
f 1267 1317 1268
f 1270 1315 1271
f 1270 1269 1316
f 1316 1269 1268
f 1272 1271 1314
f 1331 1256 1255
f 1256 1330 1257
f 1253 1333 1254
f 1254 1332 1255
f 1261 1324 1262
f 1323 1263 1262
f 1259 1258 1328
f 1260 1259 1327
f 1252 1334 1253
f 1276 1308 1277
f 1277 1307 1278
f 1312 1274 1273
f 1274 1311 1275
f 1310 1276 1275
f 1293 1339 1338
f 1293 1338 1337
f 1336 1293 1337
f 1280 1279 1305
f 1304 1281 1280
f 1306 1279 1278
f 1272 1314 1273
f 1283 1300 1284
f 1303 1282 1281
f 1287 1286 1297
f 1284 1299 1285
f 1288 1295 1289
f 1289 1294 1290
f 1336 1291 1293
f 1293 1291 1290
f 1296 1288 1287
f 1345 1344 1334
f 1348 1351 1556
f 1352 1353 1541
f 1351 1352 1549
f 1445 1353 1354
f 1355 1433 1434
f 1433 1355 1432
f 1435 1354 1355
f 1355 1434 1435
f 1355 1429 1430
f 1357 1424 1356
f 1419 1420 1357
f 1357 1420 1421
f 1430 1431 1355
f 1429 1355 1356
f 1357 1421 1422
f 1432 1355 1431
f 1423 1357 1422
f 1354 1443 1444
f 1441 1442 1354
f 1443 1354 1442
f 1444 1445 1354
f 1353 1446 1447
f 1354 1440 1441
f 1437 1438 1354
f 1445 1446 1353
f 1429 1356 1428
f 1357 1423 1424
f 1356 1424 1425
f 1427 1356 1426
f 1427 1428 1356
f 1425 1426 1356
f 1437 1354 1436
f 1354 1435 1436
f 1448 1353 1447
f 1358 1418 1419
f 1417 1418 1358
f 1358 1419 1357
f 1358 1414 1415
f 1416 1417 1358
f 1409 1360 1408
f 1358 1415 1416
f 1414 1358 1359
f 1360 1409 1359
f 1403 1404 1360
f 1362 1393 1361
f 1361 1403 1360
f 1406 1407 1360
f 1405 1360 1404
f 1360 1405 1406
f 1362 1363 1618
f 1391 1362 1390
f 1408 1360 1407
f 1411 1412 1359
f 1411 1359 1410
f 1410 1359 1409
f 1412 1413 1359
f 1413 1414 1359
f 1403 1361 1402
f 1399 1400 1361
f 1396 1397 1361
f 1396 1361 1395
f 1361 1394 1395
f 1361 1397 1398
f 1400 1401 1361
f 1401 1402 1361
f 1362 1391 1392
f 1394 1361 1393
f 1393 1362 1392
f 1610 1363 1364
f 1351 1551 1552
f 1348 1558 1559
f 1550 1551 1351
f 1556 1557 1348
f 1351 1553 1554
f 1348 1557 1558
f 1552 1553 1351
f 1542 1352 1541
f 1439 1440 1354
f 1449 1353 1448
f 1352 1545 1546
f 1351 1549 1550
f 1542 1543 1352
f 1545 1352 1544
f 1449 1450 1353
f 1544 1352 1543
f 1559 1560 1348
f 1352 1548 1549
f 1351 1554 1555
f 1547 1352 1546
f 1547 1548 1352
f 1351 1555 1556
f 1459 1541 1452
f 1453 1454 1459
f 1451 1452 1353
f 1452 1541 1353
f 1457 1458 1459
f 1459 1456 1457
f 1456 1459 1455
f 1459 1454 1455
f 1452 1453 1459
f 1451 1353 1450
f 1399 1361 1398
f 1362 1389 1390
f 1615 1616 1363
f 1363 1617 1618
f 1363 1616 1617
f 1362 1618 1386
f 1608 1609 1364
f 1602 1349 1601
f 1610 1364 1609
f 1608 1364 1607
f 1363 1611 1612
f 1615 1363 1614
f 1607 1364 1606
f 1603 1349 1602
f 1364 1603 1604
f 1363 1610 1611
f 1601 1349 1600
f 1387 1388 1362
f 1385 1379 1384
f 1387 1362 1386
f 1383 1379 1382
f 1382 1379 1381
f 1384 1379 1383
f 1379 1385 1386
f 1613 1363 1612
f 1362 1388 1389
f 1613 1614 1363
f 1379 1380 1381
f 1604 1605 1364
f 1618 1379 1386
f 1364 1605 1606
f 1438 1439 1354
f 1603 1364 1349
f 1349 1365 1596
f 1366 1367 1581
f 1365 1366 1589
f 1526 1367 1368
f 1369 1514 1515
f 1514 1369 1513
f 1516 1368 1369
f 1369 1515 1516
f 1369 1510 1511
f 1371 1505 1370
f 1500 1501 1371
f 1371 1501 1502
f 1511 1512 1369
f 1510 1369 1370
f 1503 1504 1371
f 1371 1502 1503
f 1513 1369 1512
f 1505 1371 1504
f 1526 1527 1367
f 1368 1523 1524
f 1526 1368 1525
f 1522 1368 1521
f 1368 1522 1523
f 1368 1519 1520
f 1524 1525 1368
f 1367 1527 1528
f 1509 1370 1508
f 1370 1509 1510
f 1505 1506 1370
f 1519 1368 1518
f 1508 1370 1507
f 1507 1370 1506
f 1368 1517 1518
f 1368 1516 1517
f 1529 1367 1528
f 1372 1499 1500
f 1498 1499 1372
f 1372 1500 1371
f 1372 1496 1497
f 1497 1498 1372
f 1372 1373 1495
f 1488 1489 1374
f 1490 1374 1489
f 1373 1374 1490
f 1484 1485 1374
f 1376 1474 1375
f 1375 1484 1374
f 1486 1487 1374
f 1580 1376 1377
f 1374 1485 1486
f 1377 1378 1572
f 1471 1472 1376
f 1488 1374 1487
f 1372 1495 1496
f 1373 1491 1492
f 1491 1373 1490
f 1493 1494 1373
f 1373 1494 1495
f 1492 1493 1373
f 1375 1482 1483
f 1477 1375 1476
f 1375 1475 1476
f 1477 1478 1375
f 1375 1481 1482
f 1376 1472 1473
f 1483 1484 1375
f 1479 1375 1478
f 1475 1375 1474
f 1474 1376 1473
f 1565 1378 1350
f 1598 1599 1349
f 1592 1365 1591
f 1365 1590 1591
f 1593 1365 1592
f 1596 1597 1349
f 1349 1597 1598
f 1586 1366 1585
f 1366 1588 1589
f 1589 1590 1365
f 1529 1530 1367
f 1368 1520 1521
f 1585 1366 1584
f 1531 1367 1530
f 1582 1583 1366
f 1582 1366 1581
f 1583 1584 1366
f 1532 1367 1531
f 1365 1594 1595
f 1365 1593 1594
f 1586 1587 1366
f 1365 1595 1596
f 1588 1366 1587
f 1535 1540 1534
f 1533 1534 1540
f 1367 1533 1581
f 1533 1540 1581
f 1538 1539 1540
f 1540 1537 1538
f 1537 1540 1536
f 1536 1540 1535
f 1367 1532 1533
f 1375 1480 1481
f 1376 1470 1471
f 1376 1580 1467
f 1376 1469 1470
f 1577 1578 1377
f 1377 1579 1580
f 1377 1578 1579
f 1570 1571 1378
f 1563 1350 1562
f 1572 1378 1571
f 1563 1564 1350
f 1377 1573 1574
f 1577 1377 1576
f 1350 1564 1565
f 1378 1569 1570
f 1565 1566 1378
f 1377 1572 1573
f 1480 1375 1479
f 1467 1468 1376
f 1464 1465 1460
f 1466 1460 1465
f 1463 1460 1462
f 1462 1460 1461
f 1464 1460 1463
f 1460 1466 1467
f 1576 1377 1575
f 1568 1378 1567
f 1378 1568 1569
f 1574 1575 1377
f 1566 1567 1378
f 1467 1580 1460
f 1468 1469 1376
f 1561 1562 1350
f 1600 1349 1599
f 1967 1803 1804
f 1813 1964 1812
f 1967 1805 1806
f 1967 1804 1805
f 1814 1964 1813
f 1811 1812 1965
f 1962 1819 1820
f 1623 1627 1622
f 1625 1627 1624
f 1627 1623 1624
f 1627 1625 1626
f 1628 1621 1627
f 1622 1627 1621
f 1628 1961 1621
f 1630 1961 1629
f 1628 1629 1961
f 1961 1820 1621
f 1631 1960 1630
f 1802 1968 1801
f 1803 1968 1802
f 1965 1810 1811
f 1964 1814 1815
f 1815 1816 1963
f 1801 1619 1800
f 1800 1619 1799
f 1806 1807 1967
f 1810 1965 1809
f 1807 1808 1966
f 1966 1808 1809
f 1817 1963 1816
f 1962 1818 1819
f 1960 1631 1632
f 1632 1633 1960
f 1633 1634 1960
f 1635 1960 1634
f 1641 1642 1958
f 1958 1640 1641
f 1640 1958 1639
f 1958 1642 1643
f 1817 1818 1963
f 1959 1635 1636
f 1705 1703 1704
f 1707 1703 1706
f 1703 1705 1706
f 1708 1703 1707
f 1701 1934 1700
f 1700 1935 1699
f 1709 1702 1703
f 1708 1709 1703
f 1934 1701 1702
f 1702 1709 1934
f 1858 1928 1857
f 1849 1931 1848
f 1935 1698 1699
f 1856 1857 1928
f 1849 1850 1931
f 1931 1847 1848
f 1855 1856 1928
f 1934 1709 1842
f 1843 1933 1842
f 1935 1696 1697
f 1687 1938 1686
f 1688 1689 1937
f 1937 1687 1688
f 1689 1690 1937
f 1695 1936 1694
f 1691 1937 1690
f 1695 1696 1935
f 1643 1644 1957
f 1845 1846 1932
f 1843 1844 1933
f 1859 1928 1858
f 1847 1932 1846
f 1927 1859 1860
f 1845 1932 1844
f 1852 1930 1851
f 1698 1935 1697
f 1927 1860 1861
f 1929 1853 1854
f 1929 1854 1855
f 1930 1852 1853
f 1930 1850 1851
f 1926 1927 1861
f 1637 1638 1959
f 1646 1957 1645
f 1639 1958 1638
f 1645 1957 1644
f 1956 1646 1647
f 1648 1649 1956
f 1648 1956 1647
f 1653 1954 1652
f 1652 1954 1651
f 1651 1955 1650
f 1650 1955 1649
f 1656 1953 1655
f 1658 1951 1657
f 1656 1657 1952
f 1951 1658 1659
f 1950 1659 1660
f 1654 1655 1953
f 1660 1661 1950
f 1663 1949 1662
f 1662 1949 1661
f 1953 1653 1654
f 1663 1664 1948
f 1968 1619 1801
f 1966 1967 1807
f 1965 1966 1809
f 1968 1803 1967
f 1963 1964 1815
f 1962 1963 1818
f 1960 1961 1630
f 1959 1960 1635
f 1962 1820 1961
f 1965 1812 1964
f 1957 1958 1643
f 1649 1955 1956
f 1651 1954 1955
f 1956 1957 1646
f 1656 1952 1953
f 1657 1951 1952
f 1661 1949 1950
f 1663 1948 1949
f 1950 1951 1659
f 1953 1954 1653
f 1958 1959 1638
f 1948 1664 1665
f 1637 1959 1636
f 1672 1944 1671
f 1673 1674 1943
f 1672 1673 1944
f 1945 1670 1671
f 1667 1668 1946
f 1666 1667 1947
f 1670 1945 1669
f 1675 1942 1674
f 1669 1946 1668
f 1942 1675 1676
f 1684 1939 1683
f 1939 1682 1683
f 1684 1685 1938
f 1937 1938 1687
f 1677 1678 1941
f 1676 1677 1942
f 1682 1939 1681
f 1681 1940 1680
f 1678 1679 1941
f 1693 1936 1692
f 1680 1940 1679
f 1948 1665 1947
f 1947 1665 1666
f 1946 1947 1667
f 1945 1946 1669
f 1671 1944 1945
f 1943 1944 1673
f 1942 1943 1674
f 1940 1941 1679
f 1939 1940 1681
f 1942 1677 1941
f 1684 1938 1939
f 1938 1685 1686
f 1936 1693 1694
f 1936 1695 1935
f 1937 1692 1936
f 1934 1842 1933
f 1933 1844 1932
f 1931 1850 1930
f 1930 1853 1929
f 1847 1931 1932
f 1700 1934 1935
f 1855 1928 1929
f 1928 1859 1927
f 1692 1937 1691
f 1926 1861 1862
f 1924 1866 1867
f 1876 1921 1875
f 1868 1924 1867
f 1921 1876 1877
f 1881 1882 1919
f 1875 1922 1874
f 1919 1882 1883
f 1712 1716 1711
f 1714 1716 1713
f 1716 1712 1713
f 1716 1714 1715
f 1717 1710 1716
f 1711 1716 1710
f 1717 1918 1710
f 1719 1918 1718
f 1717 1718 1918
f 1918 1883 1710
f 1720 1917 1719
f 1869 1924 1868
f 1866 1925 1865
f 1922 1873 1874
f 1921 1877 1878
f 1878 1879 1920
f 1863 1864 1926
f 1864 1865 1925
f 1870 1923 1869
f 1873 1922 1872
f 1871 1923 1870
f 1923 1871 1872
f 1880 1920 1879
f 1722 1917 1721
f 1731 1915 1730
f 1917 1722 1723
f 1723 1724 1917
f 1729 1730 1915
f 1728 1729 1915
f 1727 1728 1915
f 1732 1915 1731
f 1880 1881 1920
f 1917 1720 1721
f 1916 1724 1725
f 1794 1792 1793
f 1796 1792 1795
f 1792 1794 1795
f 1797 1792 1796
f 1790 1891 1789
f 1789 1892 1788
f 1798 1791 1792
f 1797 1798 1792
f 1891 1790 1791
f 1791 1798 1891
f 1837 1885 1836
f 1828 1888 1827
f 1892 1787 1788
f 1836 1885 1835
f 1828 1829 1888
f 1888 1826 1827
f 1887 1829 1830
f 1891 1798 1821
f 1822 1890 1821
f 1776 1895 1775
f 1892 1785 1786
f 1776 1777 1894
f 1779 1894 1778
f 1894 1777 1778
f 1784 1893 1783
f 1780 1894 1779
f 1914 1732 1733
f 1784 1785 1892
f 1889 1823 1824
f 1823 1890 1822
f 1826 1889 1825
f 1838 1885 1837
f 1889 1824 1825
f 1834 1835 1886
f 1833 1886 1832
f 1830 1831 1887
f 1884 1839 1840
f 1839 1884 1838
f 1833 1834 1886
f 1887 1831 1832
f 1787 1892 1786
f 1840 1841 1620
f 1916 1727 1915
f 1914 1733 1734
f 1736 1913 1735
f 1735 1914 1734
f 1736 1737 1913
f 1740 1912 1739
f 1738 1913 1737
f 1743 1910 1742
f 1742 1911 1741
f 1741 1911 1740
f 1739 1912 1738
f 1745 1910 1744
f 1747 1908 1746
f 1745 1746 1909
f 1908 1747 1748
f 1750 1907 1749
f 1749 1907 1748
f 1905 1753 1754
f 1752 1906 1751
f 1751 1906 1750
f 1743 1744 1910
f 1752 1753 1905
f 1925 1926 1864
f 1923 1924 1869
f 1922 1923 1872
f 1925 1866 1924
f 1920 1921 1878
f 1919 1920 1881
f 1917 1918 1719
f 1916 1917 1724
f 1919 1883 1918
f 1922 1875 1921
f 1914 1915 1732
f 1738 1912 1913
f 1740 1911 1912
f 1913 1914 1735
f 1745 1909 1910
f 1746 1908 1909
f 1750 1906 1907
f 1752 1905 1906
f 1907 1908 1748
f 1910 1911 1742
f 1916 1726 1727
f 1905 1754 1904
f 1726 1916 1725
f 1761 1901 1760
f 1762 1763 1900
f 1761 1762 1901
f 1902 1759 1760
f 1756 1757 1903
f 1755 1756 1904
f 1759 1902 1758
f 1764 1899 1763
f 1758 1903 1757
f 1899 1764 1765
f 1773 1896 1772
f 1896 1771 1772
f 1773 1774 1895
f 1894 1895 1776
f 1766 1767 1898
f 1765 1766 1899
f 1771 1896 1770
f 1770 1897 1769
f 1767 1768 1898
f 1782 1893 1781
f 1769 1897 1768
f 1756 1903 1904
f 1760 1901 1902
f 1762 1900 1901
f 1902 1903 1758
f 1766 1898 1899
f 1768 1897 1898
f 1773 1895 1896
f 1775 1895 1774
f 1896 1897 1770
f 1899 1900 1763
f 1783 1893 1782
f 1891 1892 1789
f 1890 1891 1821
f 1893 1784 1892
f 1888 1889 1826
f 1887 1888 1829
f 1885 1886 1835
f 1884 1885 1838
f 1887 1832 1886
f 1890 1823 1889
f 1893 1894 1781
f 1884 1840 1620
f 1754 1755 1904
f 1780 1781 1894
f 1862 1863 1926
f 1970 1969 2045
f 2130 2045 2046
f 2047 2048 2131 2130
f 2048 2049 2132 2131
f 2130 2046 2047
f 2133 2050 2051
f 2051 2052 2134 2133
f 2135 2053 2054
f 2055 2056 2136 2137
f 2137 2054 2055
f 2052 2053 2135 2134
f 2132 2049 2050
f 1970 2130 2043 2044
f 2130 1970 2045
f 2130 2131 2042 2043
f 2132 2133 2040 2041
f 2133 2132 2050
f 2134 2135 2037 2038
f 2133 2134 2038 2039
f 2131 2132 2041 2042
f 2138 2057 2058
f 2139 2058 2059
f 2137 2136 2035 2036
f 2138 2139 2033 2034
f 2058 2139 2138
f 2138 2136 2056 2057
f 2136 2138 2034 2035
f 2140 2139 2059 2060
f 2054 2137 2135
f 2135 2137 2036 2037
f 2060 2061 2141 2140
f 2063 2142 2062
f 2064 2065 2143 2144
f 2063 2064 2144 2142
f 2062 2141 2061
f 2067 2145 2066
f 2067 2068 2146 2145
f 2070 2147 2069
f 2071 2072 2148 2149
f 2070 2071 2149 2147
f 2069 2146 2068
f 2066 2143 2065
f 2074 2150 2073
f 2074 2075 2151 2150
f 2077 2152 2076
f 2078 2079 2153 2154
f 2078 2154 2077
f 2075 2076 2152 2151
f 2081 2155 2080
f 2082 2156 2081
f 2083 2084 2157 2158
f 2086 2159 2085
f 2085 2157 2084
f 2082 2083 2158 2156
f 2079 2080 2155 2153
f 2073 2148 2072
f 2160 2159 2086 2087
f 2044 1971 1970
f 2039 2040 2133
f 2062 2142 2141
f 2140 2141 2031 2032
f 2142 2144 2028 2029
f 2143 2145 2026 2027
f 2145 2143 2066
f 2144 2143 2027 2028
f 2141 2142 2030 2031
f 2139 2140 2032 2033
f 2145 2146 2025 2026
f 2142 2029 2030
f 2024 2025 2146 2147
f 2023 2024 2147 2149
f 2148 2150 2021 2022
f 2149 2148 2022 2023
f 2150 2151 2020 2021
f 2151 2152 2018 2019
f 2150 2148 2073
f 2152 2154 2017 2018
f 2154 2153 2016 2017
f 2155 2156 2014 2015
f 2158 2157 2012 2013
f 2085 2159 2157
f 2156 2158 2013 2014
f 2156 2155 2081
f 2153 2155 2015 2016
f 2154 2152 2077
f 2157 2159 2011 2012
f 2151 2019 2020
f 2010 2011 2159 2160
f 2147 2146 2069
f 2161 2088 2089
f 2162 2089 2090
f 2091 2092 2163 2164
f 2165 2093 2094
f 2163 2092 2093
f 2090 2091 2164 2162
f 2095 2096 2166 2167
f 2166 2096 2097
f 2098 2099 2168 2169
f 2170 2100 2101
f 2099 2100 2170 2168
f 2169 2097 2098
f 2094 2095 2167 2165
f 2160 2161 2008 2009
f 2161 2160 2087 2088
f 2162 2161 2089
f 2161 2162 2007 2008
f 2164 2163 2005 2006
f 2165 2167 2003 2004
f 2163 2093 2165
f 2163 2165 2004 2005
f 2162 2164 2006 2007
f 2169 2166 2097
f 2171 2172 2102 2103
f 2169 2168 2000 2001
f 2170 2172 1997 1998
f 2172 2170 2101 2102
f 2168 2170 1998 1999
f 2166 2169 2001 2002
f 2167 2166 2002 2003
f 2173 2171 2103 2104
f 2105 2173 2104
f 2106 2107 2174 2175
f 2109 2176 2108
f 2108 2174 2107
f 2106 2175 2105
f 2110 2111 2177 2178
f 2112 2177 2111
f 2113 2114 2179 2180
f 2116 2181 2115
f 2114 2115 2181 2179
f 2113 2180 2112
f 2110 2178 2109
f 2117 2118 2182 2183
f 2118 2119 2184 2182
f 2120 2121 2185
f 2184 2119 2120
f 2121 2122 2186 2185
f 2122 2123 2187 2186
f 2183 2116 2117
f 2124 2187 2123
f 2125 2188 2124
f 2126 2127 2189 2190
f 2129 2191 2128
f 2128 2189 2127
f 2125 2126 2190 2188
f 2129 1972 1973 2191
f 2172 2171 1996 1997
f 2105 2175 2173
f 2173 2175 1994 1995
f 2174 2176 1992 1993
f 2109 2178 2176
f 2178 2177 1990 1991
f 2112 2180 2177
f 2176 2178 1991 1992
f 2176 2174 2108
f 2175 2174 1993 1994
f 2171 2173 1995 1996
f 2177 2180 1988 1989
f 2000 2168 1999
f 2177 1989 1990
f 1987 1988 2180 2179
f 2116 2183 2181
f 2179 2181 1986 1987
f 2183 2182 1984 1985
f 2181 2183 1985 1986
f 2182 2184 1983 1984
f 2120 2185 2184
f 2184 2185 1982 1983
f 2185 2186 1981 1982
f 2124 2188 2187
f 2186 2187 1980 1981
f 2188 2190 1977 1978
f 2189 2191 1975 1976
f 2191 2189 2128
f 2190 2189 1976 1977
f 2187 2188 1978 1979
f 2191 1973 1974 1975
f 2187 1979 1980
f 2010 2160 2009
f 2198 2194 2193 2197
f 2199 2195 2194 2198
f 2201 2198 2197 2200
f 2202 2199 2198 2201
f 2204 2201 2200 2203
f 2205 2202 2201 2204
f 2207 2204 2203 2206
f 2208 2205 2204 2207
f 2210 2207 2206 2209
f 2211 2208 2207 2210
f 2213 2210 2209 2212
f 2214 2211 2210 2213
f 2216 2213 2212 2215
f 2217 2214 2213 2216
f 2219 2216 2215 2218
f 2220 2217 2216 2219
f 2222 2219 2218 2221
f 2223 2220 2219 2222
f 2225 2222 2221 2224
f 2226 2223 2222 2225
f 2228 2225 2224 2227
f 2229 2226 2225 2228
f 2231 2228 2227 2230
f 2232 2229 2228 2231
f 2234 2231 2230 2233
f 2235 2232 2231 2234
f 2237 2234 2233 2236
f 2238 2235 2234 2237
f 2240 2237 2236 2239
f 2241 2238 2237 2240
f 2243 2240 2239 2242
f 2244 2241 2240 2243
f 2246 2243 2242 2245
f 2247 2244 2243 2246
f 2249 2246 2245 2248
f 2250 2247 2246 2249
f 2252 2249 2248 2251
f 2253 2250 2249 2252
f 2255 2252 2251 2254
f 2256 2253 2252 2255
f 2258 2255 2254 2257
f 2259 2256 2255 2258
f 2261 2258 2257 2260
f 2262 2259 2258 2261
f 2264 2261 2260 2263
f 2265 2262 2261 2264
f 2267 2264 2263 2266
f 2268 2265 2264 2267
f 2270 2267 2266 2269
f 2271 2268 2267 2270
f 2273 2270 2269 2272
f 2274 2271 2270 2273
f 2276 2273 2272 2275
f 2277 2274 2273 2276
f 2279 2276 2275 2278
f 2280 2277 2276 2279
f 2282 2279 2278 2281
f 2283 2280 2279 2282
f 2285 2282 2281 2284
f 2286 2283 2282 2285
f 2288 2285 2284 2287
f 2289 2286 2285 2288
f 2291 2288 2287 2290
f 2292 2289 2288 2291
f 2294 2291 2290 2293
f 2295 2292 2291 2294
f 2297 2294 2293 2296
f 2298 2295 2294 2297
f 2300 2297 2296 2299
f 2301 2298 2297 2300
f 2303 2300 2299 2302
f 2304 2301 2300 2303
f 2306 2303 2302 2305
f 2307 2304 2303 2306
f 2309 2306 2305 2308
f 2310 2307 2306 2309
f 2312 2309 2308 2311
f 2313 2310 2309 2312
f 2315 2312 2311 2314
f 2316 2313 2312 2315
f 2318 2315 2314 2317
f 2319 2316 2315 2318
f 2321 2318 2317 2320
f 2322 2319 2318 2321
f 2324 2321 2320 2323
f 2325 2322 2321 2324
f 2327 2324 2323 2326
f 2328 2325 2324 2327
f 2330 2327 2326 2329
f 2331 2328 2327 2330
f 2333 2330 2329 2332
f 2334 2331 2330 2333
f 2336 2333 2332 2335
f 2337 2334 2333 2336
f 2339 2336 2335 2338
f 2340 2337 2336 2339
f 2342 2339 2338 2341
f 2343 2340 2339 2342
f 2345 2342 2341 2344
f 2346 2343 2342 2345
f 2348 2345 2344 2347
f 2349 2346 2345 2348
f 2351 2348 2347 2350
f 2352 2349 2348 2351
f 2354 2351 2350 2353
f 2355 2352 2351 2354
f 2357 2354 2353 2356
f 2358 2355 2354 2357
f 2360 2357 2356 2359
f 2361 2358 2357 2360
f 2363 2360 2359 2362
f 2364 2361 2360 2363
f 2366 2363 2362 2365
f 2367 2364 2363 2366
f 2369 2366 2365 2368
f 2370 2367 2366 2369
f 2372 2369 2368 2371
f 2373 2370 2369 2372
f 2375 2372 2371 2374
f 2376 2373 2372 2375
f 2378 2375 2374 2377
f 2379 2376 2375 2378
f 2381 2378 2377 2380
f 2382 2379 2378 2381
f 2384 2381 2380 2383
f 2385 2382 2381 2384
f 2388 2384 2383 2387
f 2389 2385 2384 2388
f 2192 2391 2197 2193
f 2200 2392 2393
f 2197 2391 2392
f 2394 2395 2206 2203
f 2209 2396 2397
f 2397 2398 2212 2209
f 2206 2395 2396
f 2393 2394 2203 2200
f 2215 2399 2400
f 2401 2402 2221 2218
f 2402 2403 2224 2221
f 2218 2400 2401
f 2227 2404 2405
f 2406 2407 2233 2230
f 2233 2407 2408
f 2405 2406 2230 2227
f 2224 2403 2404
f 2398 2399 2215 2212
f 2197 2392 2200
f 2209 2206 2396
f 2218 2215 2400
f 2224 2404 2227
f 2409 2410 2239 2236
f 2410 2411 2242 2239
f 2236 2233 2408 2409
f 2245 2412 2413
f 2248 2414 2415
f 2413 2414 2248 2245
f 2416 2417 2254 2251
f 2257 2418 2419
f 2260 2419 2420
f 2417 2418 2257 2254
f 2251 2415 2416
f 2421 2422 2266 2263
f 2269 2423 2424
f 2424 2425 2272 2269
f 2266 2422 2423
f 2275 2426 2427
f 2428 2429 2281 2278
f 2429 2430 2284 2281
f 2278 2427 2428
f 2425 2426 2275 2272
f 2420 2421 2263 2260
f 2245 2242 2412
f 2251 2248 2415
f 2257 2419 2260
f 2278 2275 2427
f 2432 2287 2431
f 2269 2266 2423
f 2287 2284 2430 2431
f 2290 2287 2432 2433
f 2411 2412 2242
f 2195 2199 2560 2196
f 2558 2559 2202
f 2559 2199 2202
f 2205 2208 2556 2557
f 2199 2559 2560
f 2208 2211 2554 2555
f 2202 2205 2557 2558
f 2211 2214 2553 2554
f 2217 2220 2550 2551
f 2220 2223 2549 2550
f 2214 2217 2552 2553
f 2226 2229 2546 2547
f 2232 2235 2544 2545
f 2235 2238 2542 2543
f 2229 2232 2545 2546
f 2223 2226 2548 2549
f 2238 2241 2541 2542
f 2208 2555 2556
f 2217 2551 2552
f 2547 2548 2226
f 2235 2543 2544
f 2540 2541 2241 2244
f 2244 2247 2538 2539
f 2247 2250 2537 2538
f 2253 2256 2534 2535
f 2256 2259 2533 2534
f 2250 2253 2536 2537
f 2259 2262 2532 2533
f 2540 2244 2539
f 2262 2265 2530 2531
f 2268 2271 2528 2529
f 2271 2274 2526 2527
f 2265 2268 2529 2530
f 2277 2280 2524 2525
f 2283 2286 2521 2522
f 2286 2289 2520 2521
f 2280 2283 2522 2523
f 2274 2277 2525 2526
f 2289 2292 2518 2519
f 2535 2536 2253
f 2531 2532 2262
f 2271 2527 2528
f 2289 2519 2520
f 2523 2524 2280
f 2293 2290 2433 2434
f 2296 2435 2436
f 2293 2434 2435
f 2437 2438 2302 2299
f 2305 2439 2440
f 2440 2441 2308 2305
f 2302 2438 2439
f 2436 2437 2299 2296
f 2311 2442 2443
f 2444 2445 2317 2314
f 2445 2446 2320 2317
f 2314 2443 2444
f 2323 2447 2448
f 2449 2450 2329 2326
f 2329 2450 2451
f 2448 2449 2326 2323
f 2320 2446 2447
f 2441 2442 2311 2308
f 2296 2293 2435
f 2314 2311 2443
f 2302 2439 2305
f 2323 2320 2447
f 2452 2453 2335 2332
f 2454 2335 2453
f 2454 2338 2335
f 2332 2329 2451 2452
f 2338 2454 2455
f 2341 2455 2456
f 2344 2457 2458
f 2456 2457 2344 2341
f 2459 2460 2350 2347
f 2353 2461 2462
f 2356 2462 2463
f 2460 2461 2353 2350
f 2347 2458 2459
f 2464 2465 2362 2359
f 2365 2466 2467
f 2467 2468 2368 2365
f 2362 2465 2466
f 2371 2469 2470
f 2471 2472 2377 2374
f 2472 2473 2380 2377
f 2374 2470 2471
f 2468 2469 2371 2368
f 2463 2464 2359 2356
f 2344 2458 2347
f 2356 2353 2462
f 2365 2362 2466
f 2371 2470 2374
f 2475 2383 2474
f 2475 2386 2387 2383
f 2383 2380 2473 2474
f 2338 2455 2341
f 2295 2298 2515 2516
f 2298 2301 2514 2515
f 2517 2518 2292 2295
f 2304 2307 2511 2512
f 2295 2516 2517
f 2307 2310 2510 2511
f 2301 2304 2513 2514
f 2310 2313 2509 2510
f 2316 2319 2506 2507
f 2319 2322 2505 2506
f 2313 2316 2507 2508
f 2325 2328 2502 2503
f 2331 2334 2499 2500
f 2334 2337 2498 2499
f 2328 2331 2501 2502
f 2322 2325 2503 2504
f 2337 2340 2497 2498
f 2304 2512 2513
f 2313 2508 2509
f 2504 2505 2322
f 2331 2500 2501
f 2497 2340 2496
f 2343 2346 2494 2495
f 2346 2349 2493 2494
f 2495 2496 2343
f 2352 2355 2490 2491
f 2355 2358 2489 2490
f 2349 2352 2491 2492
f 2340 2343 2496
f 2358 2361 2487 2488
f 2364 2367 2485 2486
f 2367 2370 2483 2484
f 2361 2364 2486 2487
f 2373 2376 2481 2482
f 2379 2382 2478 2479
f 2382 2385 2477 2478
f 2376 2379 2479 2480
f 2370 2373 2482 2483
f 2385 2389 2390 2476
f 2349 2492 2493
f 2358 2488 2489
f 2376 2480 2481
f 2385 2476 2477
f 2484 2485 2367